symbol,Days,RSI,BBANDS,MA1,MA2,MA3,MA4,MSE,RMSE,Dates,Actual,Forcasted
AXISBANK,1,10,10,20,50,252,-,0.04470280533398155,0.21143037940178216,['2018-05-10T00:00:00.000000000'],[547.65],[[773.48615]]
AXISBANK,1,10,10,20,50,252,-,0.052957400940595915,0.23012475082136627,['2018-05-10T00:00:00.000000000'],[547.65],[[648.1564]]
AXISBANK,15,10,10,20,50,252,-,0.0616461078497555,0.24828634245514894,"['2018-04-19T00:00:00.000000000' '2018-04-20T00:00:00.000000000'
 '2018-04-21T00:00:00.000000000' '2018-04-22T00:00:00.000000000'
 '2018-04-23T00:00:00.000000000' '2018-04-24T00:00:00.000000000'
 '2018-04-25T00:00:00.000000000' '2018-04-26T00:00:00.000000000'
 '2018-04-27T00:00:00.000000000' '2018-04-28T00:00:00.000000000'
 '2018-04-29T00:00:00.000000000' '2018-04-30T00:00:00.000000000'
 '2018-05-01T00:00:00.000000000' '2018-05-02T00:00:00.000000000'
 '2018-05-03T00:00:00.000000000']","[512.9  505.7  506.2  504.85 498.4  493.75 539.2  517.3  523.75 533.4
 520.3  536.1  542.25 548.5  547.65]","[[628.9346 ]
 [630.1198 ]
 [624.50446]
 [624.8659 ]
 [622.28687]
 [627.6523 ]
 [625.4492 ]
 [635.2488 ]
 [648.91034]
 [642.3473 ]
 [643.7652 ]
 [642.12616]
 [640.91644]
 [636.6226 ]
 [632.0455 ]]"
AXISBANK,60,10,10,20,50,252,-,0.06501786848273847,0.25498601624939843,"['2018-02-09T00:00:00.000000000' '2018-02-10T00:00:00.000000000'
 '2018-02-11T00:00:00.000000000' '2018-02-12T00:00:00.000000000'
 '2018-02-13T00:00:00.000000000' '2018-02-14T00:00:00.000000000'
 '2018-02-15T00:00:00.000000000' '2018-02-16T00:00:00.000000000'
 '2018-02-17T00:00:00.000000000' '2018-02-18T00:00:00.000000000'
 '2018-02-19T00:00:00.000000000' '2018-02-20T00:00:00.000000000'
 '2018-02-21T00:00:00.000000000' '2018-02-22T00:00:00.000000000'
 '2018-02-23T00:00:00.000000000' '2018-02-24T00:00:00.000000000'
 '2018-02-25T00:00:00.000000000' '2018-02-26T00:00:00.000000000'
 '2018-02-27T00:00:00.000000000' '2018-02-28T00:00:00.000000000'
 '2018-03-01T00:00:00.000000000' '2018-03-02T00:00:00.000000000'
 '2018-03-03T00:00:00.000000000' '2018-03-04T00:00:00.000000000'
 '2018-03-05T00:00:00.000000000' '2018-03-06T00:00:00.000000000'
 '2018-03-07T00:00:00.000000000' '2018-03-08T00:00:00.000000000'
 '2018-03-09T00:00:00.000000000' '2018-03-10T00:00:00.000000000'
 '2018-03-11T00:00:00.000000000' '2018-03-12T00:00:00.000000000'
 '2018-03-13T00:00:00.000000000' '2018-03-14T00:00:00.000000000'
 '2018-03-15T00:00:00.000000000' '2018-03-16T00:00:00.000000000'
 '2018-03-17T00:00:00.000000000' '2018-03-18T00:00:00.000000000'
 '2018-03-19T00:00:00.000000000' '2018-03-20T00:00:00.000000000'
 '2018-03-21T00:00:00.000000000' '2018-03-22T00:00:00.000000000'
 '2018-03-23T00:00:00.000000000' '2018-03-24T00:00:00.000000000'
 '2018-03-25T00:00:00.000000000' '2018-03-26T00:00:00.000000000'
 '2018-03-27T00:00:00.000000000' '2018-03-28T00:00:00.000000000'
 '2018-03-29T00:00:00.000000000' '2018-03-30T00:00:00.000000000'
 '2018-03-31T00:00:00.000000000' '2018-04-01T00:00:00.000000000'
 '2018-04-02T00:00:00.000000000' '2018-04-03T00:00:00.000000000'
 '2018-04-04T00:00:00.000000000' '2018-04-05T00:00:00.000000000'
 '2018-04-06T00:00:00.000000000' '2018-04-07T00:00:00.000000000'
 '2018-04-08T00:00:00.000000000' '2018-04-09T00:00:00.000000000']","[557.55 564.2  543.9  543.7  537.85 540.55 531.7  535.8  530.25 536.65
 552.3  538.4  528.75 525.75 524.55 517.35 512.65 520.55 505.35 519.2
 531.5  536.15 529.65 522.6  519.45 521.1  526.3  518.2  499.5  507.3
 512.2  510.5  499.05 501.55 492.25 503.1  500.2  519.3  546.15 539.8
 548.75 542.55 542.4  532.4  518.25 512.9  505.7  506.2  504.85 498.4
 493.75 539.2  517.3  523.75 533.4  520.3  536.1  542.25 548.5  547.65]","[[589.2234 ]
 [588.48694]
 [588.3391 ]
 [588.64795]
 [589.9944 ]
 [586.6983 ]
 [589.838  ]
 [588.1788 ]
 [593.9981 ]
 [595.51013]
 [588.21185]
 [587.19714]
 [582.5544 ]
 [581.94086]
 [581.9044 ]
 [580.23267]
 [581.7006 ]
 [586.1671 ]
 [587.20844]
 [583.88806]
 [582.1022 ]
 [584.44385]
 [588.2395 ]
 [588.13904]
 [589.8403 ]
 [590.05347]
 [587.40186]
 [588.4598 ]
 [589.2527 ]
 [589.26373]
 [585.6135 ]
 [592.5025 ]
 [592.9866 ]
 [589.57806]
 [589.0823 ]
 [588.48004]
 [589.9921 ]
 [591.2261 ]
 [591.37726]
 [588.81396]
 [585.9352 ]
 [584.62396]
 [587.1175 ]
 [589.36676]
 [597.84106]
 [598.8407 ]
 [598.1677 ]
 [608.107  ]
 [607.4692 ]
 [598.93176]
 [600.4508 ]
 [596.21436]
 [591.60297]
 [591.3222 ]
 [591.38525]
 [582.8341 ]
 [583.42255]
 [584.0556 ]
 [581.4743 ]
 [584.1993 ]]"
AXISBANK,1,10,10,20,50,252,-,0.07421261073740677,0.27241991619080785,['2018-05-10T00:00:00.000000000'],[547.65],[[593.0744]]
AXISBANK,15,10,10,20,50,252,-,0.07486654383574912,0.27361751375916915,"['2018-04-19T00:00:00.000000000' '2018-04-20T00:00:00.000000000'
 '2018-04-21T00:00:00.000000000' '2018-04-22T00:00:00.000000000'
 '2018-04-23T00:00:00.000000000' '2018-04-24T00:00:00.000000000'
 '2018-04-25T00:00:00.000000000' '2018-04-26T00:00:00.000000000'
 '2018-04-27T00:00:00.000000000' '2018-04-28T00:00:00.000000000'
 '2018-04-29T00:00:00.000000000' '2018-04-30T00:00:00.000000000'
 '2018-05-01T00:00:00.000000000' '2018-05-02T00:00:00.000000000'
 '2018-05-03T00:00:00.000000000']","[512.9  505.7  506.2  504.85 498.4  493.75 539.2  517.3  523.75 533.4
 520.3  536.1  542.25 548.5  547.65]","[[581.9391 ]
 [582.8376 ]
 [578.6406 ]
 [578.9019 ]
 [576.98364]
 [580.98114]
 [579.3365 ]
 [586.6443 ]
 [596.83673]
 [591.94086]
 [592.9829 ]
 [591.77325]
 [590.8621 ]
 [587.67096]
 [584.267  ]]"
AXISBANK,60,10,10,20,50,252,-,0.06181976216238573,0.24863580225378992,"['2018-02-09T00:00:00.000000000' '2018-02-10T00:00:00.000000000'
 '2018-02-11T00:00:00.000000000' '2018-02-12T00:00:00.000000000'
 '2018-02-13T00:00:00.000000000' '2018-02-14T00:00:00.000000000'
 '2018-02-15T00:00:00.000000000' '2018-02-16T00:00:00.000000000'
 '2018-02-17T00:00:00.000000000' '2018-02-18T00:00:00.000000000'
 '2018-02-19T00:00:00.000000000' '2018-02-20T00:00:00.000000000'
 '2018-02-21T00:00:00.000000000' '2018-02-22T00:00:00.000000000'
 '2018-02-23T00:00:00.000000000' '2018-02-24T00:00:00.000000000'
 '2018-02-25T00:00:00.000000000' '2018-02-26T00:00:00.000000000'
 '2018-02-27T00:00:00.000000000' '2018-02-28T00:00:00.000000000'
 '2018-03-01T00:00:00.000000000' '2018-03-02T00:00:00.000000000'
 '2018-03-03T00:00:00.000000000' '2018-03-04T00:00:00.000000000'
 '2018-03-05T00:00:00.000000000' '2018-03-06T00:00:00.000000000'
 '2018-03-07T00:00:00.000000000' '2018-03-08T00:00:00.000000000'
 '2018-03-09T00:00:00.000000000' '2018-03-10T00:00:00.000000000'
 '2018-03-11T00:00:00.000000000' '2018-03-12T00:00:00.000000000'
 '2018-03-13T00:00:00.000000000' '2018-03-14T00:00:00.000000000'
 '2018-03-15T00:00:00.000000000' '2018-03-16T00:00:00.000000000'
 '2018-03-17T00:00:00.000000000' '2018-03-18T00:00:00.000000000'
 '2018-03-19T00:00:00.000000000' '2018-03-20T00:00:00.000000000'
 '2018-03-21T00:00:00.000000000' '2018-03-22T00:00:00.000000000'
 '2018-03-23T00:00:00.000000000' '2018-03-24T00:00:00.000000000'
 '2018-03-25T00:00:00.000000000' '2018-03-26T00:00:00.000000000'
 '2018-03-27T00:00:00.000000000' '2018-03-28T00:00:00.000000000'
 '2018-03-29T00:00:00.000000000' '2018-03-30T00:00:00.000000000'
 '2018-03-31T00:00:00.000000000' '2018-04-01T00:00:00.000000000'
 '2018-04-02T00:00:00.000000000' '2018-04-03T00:00:00.000000000'
 '2018-04-04T00:00:00.000000000' '2018-04-05T00:00:00.000000000'
 '2018-04-06T00:00:00.000000000' '2018-04-07T00:00:00.000000000'
 '2018-04-08T00:00:00.000000000' '2018-04-09T00:00:00.000000000']","[557.55 564.2  543.9  543.7  537.85 540.55 531.7  535.8  530.25 536.65
 552.3  538.4  528.75 525.75 524.55 517.35 512.65 520.55 505.35 519.2
 531.5  536.15 529.65 522.6  519.45 521.1  526.3  518.2  499.5  507.3
 512.2  510.5  499.05 501.55 492.25 503.1  500.2  519.3  546.15 539.8
 548.75 542.55 542.4  532.4  518.25 512.9  505.7  506.2  504.85 498.4
 493.75 539.2  517.3  523.75 533.4  520.3  536.1  542.25 548.5  547.65]","[[619.8885 ]
 [619.164  ]
 [619.01855]
 [619.3281 ]
 [620.6589 ]
 [617.3904 ]
 [620.49335]
 [618.8617 ]
 [624.62036]
 [626.1142 ]
 [618.8857 ]
 [617.85864]
 [613.2691 ]
 [612.6649 ]
 [612.6253 ]
 [610.9674 ]
 [612.4275 ]
 [616.859  ]
 [617.89343]
 [614.59796]
 [612.8266 ]
 [615.1544 ]
 [618.9161 ]
 [618.81793]
 [620.5085 ]
 [620.7213 ]
 [618.0846 ]
 [619.14087]
 [619.92664]
 [619.93555]
 [616.3046 ]
 [623.1388 ]
 [623.62   ]
 [620.24066]
 [619.7545 ]
 [619.15924]
 [620.65924]
 [621.88153]
 [622.0296 ]
 [619.4912 ]
 [616.6333 ]
 [615.32495]
 [617.8052 ]
 [620.03253]
 [628.42505]
 [629.4078 ]
 [628.7569 ]
 [638.5336 ]
 [637.9189 ]
 [629.49774]
 [631.0001 ]
 [626.8051 ]
 [622.2386 ]
 [621.96124]
 [622.022  ]
 [613.54236]
 [614.12396]
 [614.7473 ]
 [612.1911 ]
 [614.89954]]"
SYNDIBANK,1,10,10,20,50,252,-,0.05922316012393897,0.24335809031946928,['2018-05-10T00:00:00.000000000'],[51.5],[[66.44052]]
SYNDIBANK,15,10,10,20,50,252,-,0.06842573678229591,0.2615831355081896,"['2018-04-19T00:00:00.000000000' '2018-04-20T00:00:00.000000000'
 '2018-04-21T00:00:00.000000000' '2018-04-22T00:00:00.000000000'
 '2018-04-23T00:00:00.000000000' '2018-04-24T00:00:00.000000000'
 '2018-04-25T00:00:00.000000000' '2018-04-26T00:00:00.000000000'
 '2018-04-27T00:00:00.000000000' '2018-04-28T00:00:00.000000000'
 '2018-04-29T00:00:00.000000000' '2018-04-30T00:00:00.000000000'
 '2018-05-01T00:00:00.000000000' '2018-05-02T00:00:00.000000000'
 '2018-05-03T00:00:00.000000000']","[57.05 55.4  55.2  54.75 53.95 52.85 54.25 55.1  53.75 52.95 52.5  53.2
 53.4  52.7  51.5 ]","[[67.43029 ]
 [67.18567 ]
 [67.11372 ]
 [67.64334 ]
 [67.232376]
 [67.844215]
 [67.89952 ]
 [67.964294]
 [67.85925 ]
 [67.54405 ]
 [67.4962  ]
 [67.40264 ]
 [67.21111 ]
 [67.2757  ]
 [67.1042  ]]"
SYNDIBANK,60,10,10,20,50,252,-,0.06959951149487714,0.263817193326889,"['2018-02-09T00:00:00.000000000' '2018-02-10T00:00:00.000000000'
 '2018-02-11T00:00:00.000000000' '2018-02-12T00:00:00.000000000'
 '2018-02-13T00:00:00.000000000' '2018-02-14T00:00:00.000000000'
 '2018-02-15T00:00:00.000000000' '2018-02-16T00:00:00.000000000'
 '2018-02-17T00:00:00.000000000' '2018-02-18T00:00:00.000000000'
 '2018-02-19T00:00:00.000000000' '2018-02-20T00:00:00.000000000'
 '2018-02-21T00:00:00.000000000' '2018-02-22T00:00:00.000000000'
 '2018-02-23T00:00:00.000000000' '2018-02-24T00:00:00.000000000'
 '2018-02-25T00:00:00.000000000' '2018-02-26T00:00:00.000000000'
 '2018-02-27T00:00:00.000000000' '2018-02-28T00:00:00.000000000'
 '2018-03-01T00:00:00.000000000' '2018-03-02T00:00:00.000000000'
 '2018-03-03T00:00:00.000000000' '2018-03-04T00:00:00.000000000'
 '2018-03-05T00:00:00.000000000' '2018-03-06T00:00:00.000000000'
 '2018-03-07T00:00:00.000000000' '2018-03-08T00:00:00.000000000'
 '2018-03-09T00:00:00.000000000' '2018-03-10T00:00:00.000000000'
 '2018-03-11T00:00:00.000000000' '2018-03-12T00:00:00.000000000'
 '2018-03-13T00:00:00.000000000' '2018-03-14T00:00:00.000000000'
 '2018-03-15T00:00:00.000000000' '2018-03-16T00:00:00.000000000'
 '2018-03-17T00:00:00.000000000' '2018-03-18T00:00:00.000000000'
 '2018-03-19T00:00:00.000000000' '2018-03-20T00:00:00.000000000'
 '2018-03-21T00:00:00.000000000' '2018-03-22T00:00:00.000000000'
 '2018-03-23T00:00:00.000000000' '2018-03-24T00:00:00.000000000'
 '2018-03-25T00:00:00.000000000' '2018-03-26T00:00:00.000000000'
 '2018-03-27T00:00:00.000000000' '2018-03-28T00:00:00.000000000'
 '2018-03-29T00:00:00.000000000' '2018-03-30T00:00:00.000000000'
 '2018-03-31T00:00:00.000000000' '2018-04-01T00:00:00.000000000'
 '2018-04-02T00:00:00.000000000' '2018-04-03T00:00:00.000000000'
 '2018-04-04T00:00:00.000000000' '2018-04-05T00:00:00.000000000'
 '2018-04-06T00:00:00.000000000' '2018-04-07T00:00:00.000000000'
 '2018-04-08T00:00:00.000000000' '2018-04-09T00:00:00.000000000']","[65.   65.75 63.   61.4  59.55 55.6  58.45 58.8  59.7  60.6  60.55 58.65
 61.1  60.65 59.3  56.3  55.35 55.75 54.35 54.35 57.75 60.7  61.2  62.7
 60.5  60.3  59.55 58.15 53.7  55.85 56.85 55.45 56.5  57.95 56.65 59.85
 60.6  60.75 60.6  58.95 58.35 58.25 58.2  57.95 57.35 57.05 55.4  55.2
 54.75 53.95 52.85 54.25 55.1  53.75 52.95 52.5  53.2  53.4  52.7  51.5 ]","[[71.948456]
 [72.58944 ]
 [73.36761 ]
 [72.68854 ]
 [72.27067 ]
 [72.57967 ]
 [73.283875]
 [74.76325 ]
 [74.440025]
 [73.76037 ]
 [73.634926]
 [73.59855 ]
 [72.80832 ]
 [72.5115  ]
 [72.47401 ]
 [72.26688 ]
 [72.09865 ]
 [72.04451 ]
 [71.96342 ]
 [71.49553 ]
 [71.2787  ]
 [71.03254 ]
 [71.27039 ]
 [71.90838 ]
 [71.71314 ]
 [71.483406]
 [71.26548 ]
 [71.47869 ]
 [71.08325 ]
 [70.80357 ]
 [70.62132 ]
 [70.78284 ]
 [70.64954 ]
 [70.5211  ]
 [70.58084 ]
 [71.25774 ]
 [70.75171 ]
 [70.454926]
 [70.584755]
 [70.20106 ]
 [70.09274 ]
 [70.46772 ]
 [70.4034  ]
 [69.99879 ]
 [71.67403 ]
 [71.09064 ]
 [71.03217 ]
 [70.75334 ]
 [71.51216 ]
 [72.942924]
 [71.77967 ]
 [70.55449 ]
 [70.42316 ]
 [70.25775 ]
 [70.16011 ]
 [70.27632 ]
 [69.482994]
 [69.326   ]
 [69.11042 ]
 [69.085304]]"
TCS,1,10,10,20,50,252,-,0.10394169420256989,0.322399897956823,['2018-05-10T00:00:00.000000000'],[3451.25],[[1647.8434]]
TCS,15,10,10,20,50,252,-,0.1743037680377198,0.4174970275795024,"['2018-04-19T00:00:00.000000000' '2018-04-20T00:00:00.000000000'
 '2018-04-21T00:00:00.000000000' '2018-04-22T00:00:00.000000000'
 '2018-04-23T00:00:00.000000000' '2018-04-24T00:00:00.000000000'
 '2018-04-25T00:00:00.000000000' '2018-04-26T00:00:00.000000000'
 '2018-04-27T00:00:00.000000000' '2018-04-28T00:00:00.000000000'
 '2018-04-29T00:00:00.000000000' '2018-04-30T00:00:00.000000000'
 '2018-05-01T00:00:00.000000000' '2018-05-02T00:00:00.000000000'
 '2018-05-03T00:00:00.000000000']","[3191.15 3402.45 3408.65 3385.65 3470.25 3539.25 3451.95 3532.1  3499.75
 3481.85 3480.75 3420.95 3441.2  3489.3  3451.25]","[[1486.6497]
 [1488.8367]
 [1497.8312]
 [1500.8383]
 [1503.0529]
 [1511.6536]
 [1511.6497]
 [1506.2144]
 [1507.6659]
 [1520.571 ]
 [1540.329 ]
 [1549.631 ]
 [1553.6604]
 [1551.558 ]
 [1549.5691]]"
TCS,60,10,10,20,50,252,-,0.14678471378230173,0.38312493234231276,"['2018-02-09T00:00:00.000000000' '2018-02-10T00:00:00.000000000'
 '2018-02-11T00:00:00.000000000' '2018-02-12T00:00:00.000000000'
 '2018-02-13T00:00:00.000000000' '2018-02-14T00:00:00.000000000'
 '2018-02-15T00:00:00.000000000' '2018-02-16T00:00:00.000000000'
 '2018-02-17T00:00:00.000000000' '2018-02-18T00:00:00.000000000'
 '2018-02-19T00:00:00.000000000' '2018-02-20T00:00:00.000000000'
 '2018-02-21T00:00:00.000000000' '2018-02-22T00:00:00.000000000'
 '2018-02-23T00:00:00.000000000' '2018-02-24T00:00:00.000000000'
 '2018-02-25T00:00:00.000000000' '2018-02-26T00:00:00.000000000'
 '2018-02-27T00:00:00.000000000' '2018-02-28T00:00:00.000000000'
 '2018-03-01T00:00:00.000000000' '2018-03-02T00:00:00.000000000'
 '2018-03-03T00:00:00.000000000' '2018-03-04T00:00:00.000000000'
 '2018-03-05T00:00:00.000000000' '2018-03-06T00:00:00.000000000'
 '2018-03-07T00:00:00.000000000' '2018-03-08T00:00:00.000000000'
 '2018-03-09T00:00:00.000000000' '2018-03-10T00:00:00.000000000'
 '2018-03-11T00:00:00.000000000' '2018-03-12T00:00:00.000000000'
 '2018-03-13T00:00:00.000000000' '2018-03-14T00:00:00.000000000'
 '2018-03-15T00:00:00.000000000' '2018-03-16T00:00:00.000000000'
 '2018-03-17T00:00:00.000000000' '2018-03-18T00:00:00.000000000'
 '2018-03-19T00:00:00.000000000' '2018-03-20T00:00:00.000000000'
 '2018-03-21T00:00:00.000000000' '2018-03-22T00:00:00.000000000'
 '2018-03-23T00:00:00.000000000' '2018-03-24T00:00:00.000000000'
 '2018-03-25T00:00:00.000000000' '2018-03-26T00:00:00.000000000'
 '2018-03-27T00:00:00.000000000' '2018-03-28T00:00:00.000000000'
 '2018-03-29T00:00:00.000000000' '2018-03-30T00:00:00.000000000'
 '2018-03-31T00:00:00.000000000' '2018-04-01T00:00:00.000000000'
 '2018-04-02T00:00:00.000000000' '2018-04-03T00:00:00.000000000'
 '2018-04-04T00:00:00.000000000' '2018-04-05T00:00:00.000000000'
 '2018-04-06T00:00:00.000000000' '2018-04-07T00:00:00.000000000'
 '2018-04-08T00:00:00.000000000' '2018-04-09T00:00:00.000000000']","[2971.7  2967.3  2911.8  2925.85 2933.05 2923.6  2944.75 3042.3  3050.2
 3075.8  3031.7  3042.35 3035.05 3037.7  3105.85 3042.8  3027.45 3003.95
 3034.1  3052.15 2886.8  2886.9  2869.7  2825.7  2831.   2864.85 2856.75
 2831.35 2818.15 2817.   2847.7  2849.15 2909.65 2911.25 2910.9  2957.95
 2950.3  2923.9  2937.6  3014.15 3139.25 3153.3  3187.65 3166.6  3159.1
 3191.15 3402.45 3408.65 3385.65 3470.25 3539.25 3451.95 3532.1  3499.75
 3481.85 3480.75 3420.95 3441.2  3489.3  3451.25]","[[1555.0768]
 [1544.2704]
 [1534.1106]
 [1530.4513]
 [1526.6941]
 [1528.422 ]
 [1525.3976]
 [1531.7637]
 [1528.6921]
 [1525.2955]
 [1520.349 ]
 [1523.4202]
 [1511.1085]
 [1512.026 ]
 [1513.2146]
 [1513.4375]
 [1509.0347]
 [1505.1011]
 [1521.3622]
 [1514.1093]
 [1519.4656]
 [1518.4749]
 [1506.9341]
 [1512.235 ]
 [1511.0687]
 [1513.1512]
 [1513.6976]
 [1532.7983]
 [1530.5106]
 [1518.4087]
 [1524.6422]
 [1539.4631]
 [1525.7296]
 [1524.1398]
 [1521.8276]
 [1524.0553]
 [1530.0721]
 [1536.894 ]
 [1539.8866]
 [1559.0706]
 [1557.4801]
 [1558.1979]
 [1545.0273]
 [1567.1014]
 [1575.8435]
 [1574.2158]
 [1579.6406]
 [1605.9678]
 [1607.7823]
 [1624.0785]
 [1613.9291]
 [1617.2208]
 [1604.4753]
 [1600.34  ]
 [1597.796 ]
 [1595.9398]
 [1584.5627]
 [1572.0764]
 [1570.0209]
 [1573.3173]]"
NIFTYIT,1,10,10,20,50,252,-,0.11910492629445536,0.3451158157698012,['2018-05-10T00:00:00.000000000'],[13427.3],[[7884.3164]]
NIFTYIT,15,10,10,20,50,252,-,0.19808591210301443,0.44506843530294804,"['2018-04-19T00:00:00.000000000' '2018-04-20T00:00:00.000000000'
 '2018-04-21T00:00:00.000000000' '2018-04-22T00:00:00.000000000'
 '2018-04-23T00:00:00.000000000' '2018-04-24T00:00:00.000000000'
 '2018-04-25T00:00:00.000000000' '2018-04-26T00:00:00.000000000'
 '2018-04-27T00:00:00.000000000' '2018-04-28T00:00:00.000000000'
 '2018-04-29T00:00:00.000000000' '2018-04-30T00:00:00.000000000'
 '2018-05-01T00:00:00.000000000' '2018-05-02T00:00:00.000000000'
 '2018-05-03T00:00:00.000000000']","[13273.45 13910.35 14013.95 13734.8  13892.4  14026.65 13794.9  13986.25
 13754.3  13473.95 13453.3  13424.9  13379.65 13453.4  13427.3 ]","[[6930.3364]
 [6940.2417]
 [6940.962 ]
 [6928.8184]
 [6919.137 ]
 [6942.7344]
 [6932.215 ]
 [6918.536 ]
 [6931.028 ]
 [6951.8496]
 [7026.9272]
 [7064.043 ]
 [7053.053 ]
 [7040.866 ]
 [7028.283 ]]"
NIFTYIT,60,10,10,20,50,252,-,0.12101879695413309,0.34787756029116496,"['2018-02-09T00:00:00.000000000' '2018-02-10T00:00:00.000000000'
 '2018-02-11T00:00:00.000000000' '2018-02-12T00:00:00.000000000'
 '2018-02-13T00:00:00.000000000' '2018-02-14T00:00:00.000000000'
 '2018-02-15T00:00:00.000000000' '2018-02-16T00:00:00.000000000'
 '2018-02-17T00:00:00.000000000' '2018-02-18T00:00:00.000000000'
 '2018-02-19T00:00:00.000000000' '2018-02-20T00:00:00.000000000'
 '2018-02-21T00:00:00.000000000' '2018-02-22T00:00:00.000000000'
 '2018-02-23T00:00:00.000000000' '2018-02-24T00:00:00.000000000'
 '2018-02-25T00:00:00.000000000' '2018-02-26T00:00:00.000000000'
 '2018-02-27T00:00:00.000000000' '2018-02-28T00:00:00.000000000'
 '2018-03-01T00:00:00.000000000' '2018-03-02T00:00:00.000000000'
 '2018-03-03T00:00:00.000000000' '2018-03-04T00:00:00.000000000'
 '2018-03-05T00:00:00.000000000' '2018-03-06T00:00:00.000000000'
 '2018-03-07T00:00:00.000000000' '2018-03-08T00:00:00.000000000'
 '2018-03-09T00:00:00.000000000' '2018-03-10T00:00:00.000000000'
 '2018-03-11T00:00:00.000000000' '2018-03-12T00:00:00.000000000'
 '2018-03-13T00:00:00.000000000' '2018-03-14T00:00:00.000000000'
 '2018-03-15T00:00:00.000000000' '2018-03-16T00:00:00.000000000'
 '2018-03-17T00:00:00.000000000' '2018-03-18T00:00:00.000000000'
 '2018-03-19T00:00:00.000000000' '2018-03-20T00:00:00.000000000'
 '2018-03-21T00:00:00.000000000' '2018-03-22T00:00:00.000000000'
 '2018-03-23T00:00:00.000000000' '2018-03-24T00:00:00.000000000'
 '2018-03-25T00:00:00.000000000' '2018-03-26T00:00:00.000000000'
 '2018-03-27T00:00:00.000000000' '2018-03-28T00:00:00.000000000'
 '2018-03-29T00:00:00.000000000' '2018-03-30T00:00:00.000000000'
 '2018-03-31T00:00:00.000000000' '2018-04-01T00:00:00.000000000'
 '2018-04-02T00:00:00.000000000' '2018-04-03T00:00:00.000000000'
 '2018-04-04T00:00:00.000000000' '2018-04-05T00:00:00.000000000'
 '2018-04-06T00:00:00.000000000' '2018-04-07T00:00:00.000000000'
 '2018-04-08T00:00:00.000000000' '2018-04-09T00:00:00.000000000']","[12492.7  12422.65 12420.   12456.5  12437.9  12331.4  12372.   12660.05
 12730.25 12871.15 12713.15 12746.8  12809.   12769.45 12857.65 12706.1
 12677.1  12682.4  12747.25 12923.4  12734.2  12786.95 12762.25 12698.4
 12421.3  12609.1  12608.85 12489.6  12541.1  12462.4  12518.2  12511.55
 12707.1  12615.45 12490.85 12682.55 12603.35 12531.2  12576.5  12759.1
 13168.2  13260.45 13203.1  13162.3  13124.   13273.45 13910.35 14013.95
 13734.8  13892.4  14026.65 13794.9  13986.25 13754.3  13473.95 13453.3
 13424.9  13379.65 13453.4  13427.3 ]","[[7989.179 ]
 [8075.0073]
 [7953.3853]
 [7902.9355]
 [7913.011 ]
 [7907.819 ]
 [7959.2427]
 [8016.832 ]
 [8001.8286]
 [7970.523 ]
 [7948.169 ]
 [7961.3677]
 [7837.4263]
 [7933.0347]
 [7899.3647]
 [7931.0303]
 [7963.828 ]
 [7946.409 ]
 [7984.37  ]
 [7984.7114]
 [7970.571 ]
 [7988.2163]
 [8004.5244]
 [7993.0405]
 [7956.0874]
 [7950.2065]
 [7986.1562]
 [8049.693 ]
 [8066.641 ]
 [8060.8696]
 [8120.0317]
 [8482.255 ]
 [8130.031 ]
 [8118.211 ]
 [8090.6904]
 [8065.8804]
 [8074.095 ]
 [8136.051 ]
 [8186.1094]
 [8260.843 ]
 [8313.588 ]
 [8328.418 ]
 [8231.585 ]
 [8409.095 ]
 [8440.756 ]
 [8454.285 ]
 [8437.711 ]
 [8534.529 ]
 [8586.182 ]
 [8709.403 ]
 [8650.922 ]
 [8603.857 ]
 [8562.277 ]
 [8472.649 ]
 [8430.491 ]
 [8415.932 ]
 [8377.671 ]
 [8281.511 ]
 [8282.444 ]
 [8328.61  ]]"
BANKNIFTY,1,10,10,20,50,252,-,0.11946674819141943,0.3456396218482763,['2018-05-10T00:00:00.000000000'],[26131.],[[12362.544]]
BANKNIFTY,15,10,10,20,50,252,-,0.11625381993616632,0.3409601442048122,"['2018-04-19T00:00:00.000000000' '2018-04-20T00:00:00.000000000'
 '2018-04-21T00:00:00.000000000' '2018-04-22T00:00:00.000000000'
 '2018-04-23T00:00:00.000000000' '2018-04-24T00:00:00.000000000'
 '2018-04-25T00:00:00.000000000' '2018-04-26T00:00:00.000000000'
 '2018-04-27T00:00:00.000000000' '2018-04-28T00:00:00.000000000'
 '2018-04-29T00:00:00.000000000' '2018-04-30T00:00:00.000000000'
 '2018-05-01T00:00:00.000000000' '2018-05-02T00:00:00.000000000'
 '2018-05-03T00:00:00.000000000']","[25126.15 24943.85 24960.65 25042.1  24814.4  25010.9  25394.6  25531.6
 25568.3  25605.25 25645.4  25852.05 26090.5  26154.45 26131.  ]","[[12808.525]
 [12768.178]
 [12686.238]
 [12719.364]
 [12707.358]
 [12819.125]
 [12875.968]
 [12864.796]
 [12954.069]
 [12900.245]
 [12920.498]
 [12923.848]
 [12923.281]
 [12933.084]
 [12817.198]]"
SYNDIBANK,1,10,10,20,50,252,-,0.04751199989277086,0.2179724750806185,['2018-05-10T00:00:00.000000000'],[51.5],[[69.12036]]
SYNDIBANK,15,10,10,20,50,252,-,0.05352109257075493,0.23134626119899784,"['2018-04-19T00:00:00.000000000' '2018-04-20T00:00:00.000000000'
 '2018-04-21T00:00:00.000000000' '2018-04-22T00:00:00.000000000'
 '2018-04-23T00:00:00.000000000' '2018-04-24T00:00:00.000000000'
 '2018-04-25T00:00:00.000000000' '2018-04-26T00:00:00.000000000'
 '2018-04-27T00:00:00.000000000' '2018-04-28T00:00:00.000000000'
 '2018-04-29T00:00:00.000000000' '2018-04-30T00:00:00.000000000'
 '2018-05-01T00:00:00.000000000' '2018-05-02T00:00:00.000000000'
 '2018-05-03T00:00:00.000000000']","[57.05 55.4  55.2  54.75 53.95 52.85 54.25 55.1  53.75 52.95 52.5  53.2
 53.4  52.7  51.5 ]","[[69.55254 ]
 [69.152435]
 [69.0344  ]
 [69.89734 ]
 [69.22308 ]
 [70.22458 ]
 [70.31505 ]
 [70.42242 ]
 [70.25012 ]
 [69.73329 ]
 [69.65508 ]
 [69.50096 ]
 [69.1875  ]
 [69.292404]
 [69.01128 ]]"
SYNDIBANK,60,10,10,20,50,252,-,0.06884304851020148,0.26237958859294197,"['2018-02-09T00:00:00.000000000' '2018-02-10T00:00:00.000000000'
 '2018-02-11T00:00:00.000000000' '2018-02-12T00:00:00.000000000'
 '2018-02-13T00:00:00.000000000' '2018-02-14T00:00:00.000000000'
 '2018-02-15T00:00:00.000000000' '2018-02-16T00:00:00.000000000'
 '2018-02-17T00:00:00.000000000' '2018-02-18T00:00:00.000000000'
 '2018-02-19T00:00:00.000000000' '2018-02-20T00:00:00.000000000'
 '2018-02-21T00:00:00.000000000' '2018-02-22T00:00:00.000000000'
 '2018-02-23T00:00:00.000000000' '2018-02-24T00:00:00.000000000'
 '2018-02-25T00:00:00.000000000' '2018-02-26T00:00:00.000000000'
 '2018-02-27T00:00:00.000000000' '2018-02-28T00:00:00.000000000'
 '2018-03-01T00:00:00.000000000' '2018-03-02T00:00:00.000000000'
 '2018-03-03T00:00:00.000000000' '2018-03-04T00:00:00.000000000'
 '2018-03-05T00:00:00.000000000' '2018-03-06T00:00:00.000000000'
 '2018-03-07T00:00:00.000000000' '2018-03-08T00:00:00.000000000'
 '2018-03-09T00:00:00.000000000' '2018-03-10T00:00:00.000000000'
 '2018-03-11T00:00:00.000000000' '2018-03-12T00:00:00.000000000'
 '2018-03-13T00:00:00.000000000' '2018-03-14T00:00:00.000000000'
 '2018-03-15T00:00:00.000000000' '2018-03-16T00:00:00.000000000'
 '2018-03-17T00:00:00.000000000' '2018-03-18T00:00:00.000000000'
 '2018-03-19T00:00:00.000000000' '2018-03-20T00:00:00.000000000'
 '2018-03-21T00:00:00.000000000' '2018-03-22T00:00:00.000000000'
 '2018-03-23T00:00:00.000000000' '2018-03-24T00:00:00.000000000'
 '2018-03-25T00:00:00.000000000' '2018-03-26T00:00:00.000000000'
 '2018-03-27T00:00:00.000000000' '2018-03-28T00:00:00.000000000'
 '2018-03-29T00:00:00.000000000' '2018-03-30T00:00:00.000000000'
 '2018-03-31T00:00:00.000000000' '2018-04-01T00:00:00.000000000'
 '2018-04-02T00:00:00.000000000' '2018-04-03T00:00:00.000000000'
 '2018-04-04T00:00:00.000000000' '2018-04-05T00:00:00.000000000'
 '2018-04-06T00:00:00.000000000' '2018-04-07T00:00:00.000000000'
 '2018-04-08T00:00:00.000000000' '2018-04-09T00:00:00.000000000']","[65.   65.75 63.   61.4  59.55 55.6  58.45 58.8  59.7  60.6  60.55 58.65
 61.1  60.65 59.3  56.3  55.35 55.75 54.35 54.35 57.75 60.7  61.2  62.7
 60.5  60.3  59.55 58.15 53.7  55.85 56.85 55.45 56.5  57.95 56.65 59.85
 60.6  60.75 60.6  58.95 58.35 58.25 58.2  57.95 57.35 57.05 55.4  55.2
 54.75 53.95 52.85 54.25 55.1  53.75 52.95 52.5  53.2  53.4  52.7  51.5 ]","[[70.57545 ]
 [71.06905 ]
 [71.66816 ]
 [71.145424]
 [70.82405 ]
 [71.062485]
 [71.6051  ]
 [72.744286]
 [72.497185]
 [71.974846]
 [71.877815]
 [71.850235]
 [71.24341 ]
 [71.01576 ]
 [70.98665 ]
 [70.82787 ]
 [70.69813 ]
 [70.655914]
 [70.59261 ]
 [70.231026]
 [70.06314 ]
 [69.87156 ]
 [70.05514 ]
 [70.547264]
 [70.395294]
 [70.21854 ]
 [70.04981 ]
 [70.214165]
 [69.909294]
 [69.69427 ]
 [69.554726]
 [69.68048 ]
 [69.57717 ]
 [69.47778 ]
 [69.523605]
 [70.045746]
 [69.653885]
 [69.42285 ]
 [69.5226  ]
 [69.22638 ]
 [69.14329 ]
 [69.43309 ]
 [69.38338 ]
 [69.07142 ]
 [70.36564 ]
 [69.91459 ]
 [69.86968 ]
 [69.65421 ]
 [70.239555]
 [71.341934]
 [70.44674 ]
 [69.503075]
 [69.40289 ]
 [69.27582 ]
 [69.20129 ]
 [69.29214 ]
 [68.68029 ]
 [68.55951 ]
 [68.392   ]
 [68.37027 ]]"
SYNDIBANK,1,10,10,20,50,252,-,0.07215649441612247,0.26861960914297095,['2018-05-10T00:00:00.000000000'],[51.5],[[64.16687]]
SYNDIBANK,15,10,10,20,50,252,-,0.061960474750908094,0.24891861069616328,"['2018-04-19T00:00:00.000000000' '2018-04-20T00:00:00.000000000'
 '2018-04-21T00:00:00.000000000' '2018-04-22T00:00:00.000000000'
 '2018-04-23T00:00:00.000000000' '2018-04-24T00:00:00.000000000'
 '2018-04-25T00:00:00.000000000' '2018-04-26T00:00:00.000000000'
 '2018-04-27T00:00:00.000000000' '2018-04-28T00:00:00.000000000'
 '2018-04-29T00:00:00.000000000' '2018-04-30T00:00:00.000000000'
 '2018-05-01T00:00:00.000000000' '2018-05-02T00:00:00.000000000'
 '2018-05-03T00:00:00.000000000']","[57.05 55.4  55.2  54.75 53.95 52.85 54.25 55.1  53.75 52.95 52.5  53.2
 53.4  52.7  51.5 ]","[[67.930336]
 [67.62246 ]
 [67.53174 ]
 [68.203224]
 [67.68789 ]
 [68.45785 ]
 [68.52727 ]
 [68.60744 ]
 [68.47501 ]
 [68.079475]
 [68.01949 ]
 [67.902885]
 [67.66163 ]
 [67.74427 ]
 [67.52954 ]]"
SYNDIBANK,60,10,10,20,50,252,-,0.05869176730923696,0.2422638382203109,"['2018-02-09T00:00:00.000000000' '2018-02-10T00:00:00.000000000'
 '2018-02-11T00:00:00.000000000' '2018-02-12T00:00:00.000000000'
 '2018-02-13T00:00:00.000000000' '2018-02-14T00:00:00.000000000'
 '2018-02-15T00:00:00.000000000' '2018-02-16T00:00:00.000000000'
 '2018-02-17T00:00:00.000000000' '2018-02-18T00:00:00.000000000'
 '2018-02-19T00:00:00.000000000' '2018-02-20T00:00:00.000000000'
 '2018-02-21T00:00:00.000000000' '2018-02-22T00:00:00.000000000'
 '2018-02-23T00:00:00.000000000' '2018-02-24T00:00:00.000000000'
 '2018-02-25T00:00:00.000000000' '2018-02-26T00:00:00.000000000'
 '2018-02-27T00:00:00.000000000' '2018-02-28T00:00:00.000000000'
 '2018-03-01T00:00:00.000000000' '2018-03-02T00:00:00.000000000'
 '2018-03-03T00:00:00.000000000' '2018-03-04T00:00:00.000000000'
 '2018-03-05T00:00:00.000000000' '2018-03-06T00:00:00.000000000'
 '2018-03-07T00:00:00.000000000' '2018-03-08T00:00:00.000000000'
 '2018-03-09T00:00:00.000000000' '2018-03-10T00:00:00.000000000'
 '2018-03-11T00:00:00.000000000' '2018-03-12T00:00:00.000000000'
 '2018-03-13T00:00:00.000000000' '2018-03-14T00:00:00.000000000'
 '2018-03-15T00:00:00.000000000' '2018-03-16T00:00:00.000000000'
 '2018-03-17T00:00:00.000000000' '2018-03-18T00:00:00.000000000'
 '2018-03-19T00:00:00.000000000' '2018-03-20T00:00:00.000000000'
 '2018-03-21T00:00:00.000000000' '2018-03-22T00:00:00.000000000'
 '2018-03-23T00:00:00.000000000' '2018-03-24T00:00:00.000000000'
 '2018-03-25T00:00:00.000000000' '2018-03-26T00:00:00.000000000'
 '2018-03-27T00:00:00.000000000' '2018-03-28T00:00:00.000000000'
 '2018-03-29T00:00:00.000000000' '2018-03-30T00:00:00.000000000'
 '2018-03-31T00:00:00.000000000' '2018-04-01T00:00:00.000000000'
 '2018-04-02T00:00:00.000000000' '2018-04-03T00:00:00.000000000'
 '2018-04-04T00:00:00.000000000' '2018-04-05T00:00:00.000000000'
 '2018-04-06T00:00:00.000000000' '2018-04-07T00:00:00.000000000'
 '2018-04-08T00:00:00.000000000' '2018-04-09T00:00:00.000000000']","[65.   65.75 63.   61.4  59.55 55.6  58.45 58.8  59.7  60.6  60.55 58.65
 61.1  60.65 59.3  56.3  55.35 55.75 54.35 54.35 57.75 60.7  61.2  62.7
 60.5  60.3  59.55 58.15 53.7  55.85 56.85 55.45 56.5  57.95 56.65 59.85
 60.6  60.75 60.6  58.95 58.35 58.25 58.2  57.95 57.35 57.05 55.4  55.2
 54.75 53.95 52.85 54.25 55.1  53.75 52.95 52.5  53.2  53.4  52.7  51.5 ]","[[74.38319 ]
 [75.129875]
 [76.035324]
 [75.245605]
 [74.76081 ]
 [75.12189 ]
 [75.943665]
 [77.66522 ]
 [77.29677 ]
 [76.51002 ]
 [76.362434]
 [76.32119 ]
 [75.40481 ]
 [75.06266 ]
 [75.01865 ]
 [74.77952 ]
 [74.58411 ]
 [74.51875 ]
 [74.421104]
 [73.87172 ]
 [73.615555]
 [73.32161 ]
 [73.6002  ]
 [74.346085]
 [74.113235]
 [73.84578 ]
 [73.58934 ]
 [73.83788 ]
 [73.375275]
 [73.05107 ]
 [72.841774]
 [73.03516 ]
 [72.877785]
 [72.726265]
 [72.79529 ]
 [73.58577 ]
 [72.98914 ]
 [72.63504 ]
 [72.78529 ]
 [72.335655]
 [72.210785]
 [72.65027 ]
 [72.57559 ]
 [72.1028  ]
 [74.06744 ]
 [73.38158 ]
 [73.31511 ]
 [72.987434]
 [73.87462 ]
 [75.54074 ]
 [74.188156]
 [72.76328 ]
 [72.613625]
 [72.422455]
 [72.31109 ]
 [72.45171 ]
 [71.52631 ]
 [71.34486 ]
 [71.088615]
 [71.04982 ]]"
SYNDIBANK,1,10,10,20,50,252,-,0.05477023102548725,0.23403040619861182,['2018-05-10T00:00:00.000000000'],[51.5],[[66.1282]]
SYNDIBANK,15,10,10,20,50,252,-,0.04747244993277039,0.21788173382082857,"['2018-04-19T00:00:00.000000000' '2018-04-20T00:00:00.000000000'
 '2018-04-21T00:00:00.000000000' '2018-04-22T00:00:00.000000000'
 '2018-04-23T00:00:00.000000000' '2018-04-24T00:00:00.000000000'
 '2018-04-25T00:00:00.000000000' '2018-04-26T00:00:00.000000000'
 '2018-04-27T00:00:00.000000000' '2018-04-28T00:00:00.000000000'
 '2018-04-29T00:00:00.000000000' '2018-04-30T00:00:00.000000000'
 '2018-05-01T00:00:00.000000000' '2018-05-02T00:00:00.000000000'
 '2018-05-03T00:00:00.000000000']","[57.05 55.4  55.2  54.75 53.95 52.85 54.25 55.1  53.75 52.95 52.5  53.2
 53.4  52.7  51.5 ]","[[71.67096 ]
 [71.26855 ]
 [71.15102 ]
 [72.020195]
 [71.34275 ]
 [72.35154 ]
 [72.44324 ]
 [72.55077 ]
 [72.37723 ]
 [71.8561  ]
 [71.77671 ]
 [71.62215 ]
 [71.307434]
 [71.41271 ]
 [71.13026 ]]"
SYNDIBANK,60,10,10,20,50,252,-,0.08322976980734309,0.28849570154049625,"['2018-02-09T00:00:00.000000000' '2018-02-10T00:00:00.000000000'
 '2018-02-11T00:00:00.000000000' '2018-02-12T00:00:00.000000000'
 '2018-02-13T00:00:00.000000000' '2018-02-14T00:00:00.000000000'
 '2018-02-15T00:00:00.000000000' '2018-02-16T00:00:00.000000000'
 '2018-02-17T00:00:00.000000000' '2018-02-18T00:00:00.000000000'
 '2018-02-19T00:00:00.000000000' '2018-02-20T00:00:00.000000000'
 '2018-02-21T00:00:00.000000000' '2018-02-22T00:00:00.000000000'
 '2018-02-23T00:00:00.000000000' '2018-02-24T00:00:00.000000000'
 '2018-02-25T00:00:00.000000000' '2018-02-26T00:00:00.000000000'
 '2018-02-27T00:00:00.000000000' '2018-02-28T00:00:00.000000000'
 '2018-03-01T00:00:00.000000000' '2018-03-02T00:00:00.000000000'
 '2018-03-03T00:00:00.000000000' '2018-03-04T00:00:00.000000000'
 '2018-03-05T00:00:00.000000000' '2018-03-06T00:00:00.000000000'
 '2018-03-07T00:00:00.000000000' '2018-03-08T00:00:00.000000000'
 '2018-03-09T00:00:00.000000000' '2018-03-10T00:00:00.000000000'
 '2018-03-11T00:00:00.000000000' '2018-03-12T00:00:00.000000000'
 '2018-03-13T00:00:00.000000000' '2018-03-14T00:00:00.000000000'
 '2018-03-15T00:00:00.000000000' '2018-03-16T00:00:00.000000000'
 '2018-03-17T00:00:00.000000000' '2018-03-18T00:00:00.000000000'
 '2018-03-19T00:00:00.000000000' '2018-03-20T00:00:00.000000000'
 '2018-03-21T00:00:00.000000000' '2018-03-22T00:00:00.000000000'
 '2018-03-23T00:00:00.000000000' '2018-03-24T00:00:00.000000000'
 '2018-03-25T00:00:00.000000000' '2018-03-26T00:00:00.000000000'
 '2018-03-27T00:00:00.000000000' '2018-03-28T00:00:00.000000000'
 '2018-03-29T00:00:00.000000000' '2018-03-30T00:00:00.000000000'
 '2018-03-31T00:00:00.000000000' '2018-04-01T00:00:00.000000000'
 '2018-04-02T00:00:00.000000000' '2018-04-03T00:00:00.000000000'
 '2018-04-04T00:00:00.000000000' '2018-04-05T00:00:00.000000000'
 '2018-04-06T00:00:00.000000000' '2018-04-07T00:00:00.000000000'
 '2018-04-08T00:00:00.000000000' '2018-04-09T00:00:00.000000000']","[65.   65.75 63.   61.4  59.55 55.6  58.45 58.8  59.7  60.6  60.55 58.65
 61.1  60.65 59.3  56.3  55.35 55.75 54.35 54.35 57.75 60.7  61.2  62.7
 60.5  60.3  59.55 58.15 53.7  55.85 56.85 55.45 56.5  57.95 56.65 59.85
 60.6  60.75 60.6  58.95 58.35 58.25 58.2  57.95 57.35 57.05 55.4  55.2
 54.75 53.95 52.85 54.25 55.1  53.75 52.95 52.5  53.2  53.4  52.7  51.5 ]","[[68.8406  ]
 [69.25805 ]
 [69.76392 ]
 [69.32196 ]
 [69.050446]
 [69.25229 ]
 [69.711174]
 [70.67285 ]
 [70.46536 ]
 [70.024666]
 [69.94247 ]
 [69.91924 ]
 [69.40614 ]
 [69.214386]
 [69.18981 ]
 [69.05565 ]
 [68.94603 ]
 [68.909805]
 [68.85578 ]
 [68.549034]
 [68.40644 ]
 [68.24334 ]
 [68.39914 ]
 [68.81633 ]
 [68.68666 ]
 [68.53703 ]
 [68.393936]
 [68.533165]
 [68.27457 ]
 [68.09279 ]
 [67.97509 ]
 [68.08272 ]
 [67.994705]
 [67.91028 ]
 [67.94929 ]
 [68.39186 ]
 [68.05897 ]
 [67.8623  ]
 [67.9468  ]
 [67.69536 ]
 [67.6253  ]
 [67.87119 ]
 [67.829384]
 [67.56465 ]
 [68.66316 ]
 [68.28005 ]
 [68.242775]
 [68.059814]
 [68.55591 ]
 [69.487785]
 [68.730865]
 [67.93308 ]
 [67.848915]
 [67.74162 ]
 [67.67891 ]
 [67.756966]
 [67.238495]
 [67.13657 ]
 [66.99392 ]
 [66.9746  ]]"
SYNDIBANK,1,10,10,20,50,252,-,0.044039506678748286,0.20985591885564792,['2018-05-10T00:00:00.000000000'],[51.5],[[69.13291]]
SYNDIBANK,15,10,10,20,50,252,-,0.07266509383273176,0.2695646375783214,"['2018-04-19T00:00:00.000000000' '2018-04-20T00:00:00.000000000'
 '2018-04-21T00:00:00.000000000' '2018-04-22T00:00:00.000000000'
 '2018-04-23T00:00:00.000000000' '2018-04-24T00:00:00.000000000'
 '2018-04-25T00:00:00.000000000' '2018-04-26T00:00:00.000000000'
 '2018-04-27T00:00:00.000000000' '2018-04-28T00:00:00.000000000'
 '2018-04-29T00:00:00.000000000' '2018-04-30T00:00:00.000000000'
 '2018-05-01T00:00:00.000000000' '2018-05-02T00:00:00.000000000'
 '2018-05-03T00:00:00.000000000']","[57.05 55.4  55.2  54.75 53.95 52.85 54.25 55.1  53.75 52.95 52.5  53.2
 53.4  52.7  51.5 ]","[[66.04584 ]
 [65.797104]
 [65.72294 ]
 [66.26027 ]
 [65.8419  ]
 [66.4628  ]
 [66.51894 ]
 [66.58532 ]
 [66.47843 ]
 [66.158745]
 [66.11035 ]
 [66.01467 ]
 [65.8193  ]
 [65.885185]
 [65.71067 ]]"
SYNDIBANK,60,10,10,20,50,252,-,0.05729533960923142,0.23936444934290352,"['2018-02-09T00:00:00.000000000' '2018-02-10T00:00:00.000000000'
 '2018-02-11T00:00:00.000000000' '2018-02-12T00:00:00.000000000'
 '2018-02-13T00:00:00.000000000' '2018-02-14T00:00:00.000000000'
 '2018-02-15T00:00:00.000000000' '2018-02-16T00:00:00.000000000'
 '2018-02-17T00:00:00.000000000' '2018-02-18T00:00:00.000000000'
 '2018-02-19T00:00:00.000000000' '2018-02-20T00:00:00.000000000'
 '2018-02-21T00:00:00.000000000' '2018-02-22T00:00:00.000000000'
 '2018-02-23T00:00:00.000000000' '2018-02-24T00:00:00.000000000'
 '2018-02-25T00:00:00.000000000' '2018-02-26T00:00:00.000000000'
 '2018-02-27T00:00:00.000000000' '2018-02-28T00:00:00.000000000'
 '2018-03-01T00:00:00.000000000' '2018-03-02T00:00:00.000000000'
 '2018-03-03T00:00:00.000000000' '2018-03-04T00:00:00.000000000'
 '2018-03-05T00:00:00.000000000' '2018-03-06T00:00:00.000000000'
 '2018-03-07T00:00:00.000000000' '2018-03-08T00:00:00.000000000'
 '2018-03-09T00:00:00.000000000' '2018-03-10T00:00:00.000000000'
 '2018-03-11T00:00:00.000000000' '2018-03-12T00:00:00.000000000'
 '2018-03-13T00:00:00.000000000' '2018-03-14T00:00:00.000000000'
 '2018-03-15T00:00:00.000000000' '2018-03-16T00:00:00.000000000'
 '2018-03-17T00:00:00.000000000' '2018-03-18T00:00:00.000000000'
 '2018-03-19T00:00:00.000000000' '2018-03-20T00:00:00.000000000'
 '2018-03-21T00:00:00.000000000' '2018-03-22T00:00:00.000000000'
 '2018-03-23T00:00:00.000000000' '2018-03-24T00:00:00.000000000'
 '2018-03-25T00:00:00.000000000' '2018-03-26T00:00:00.000000000'
 '2018-03-27T00:00:00.000000000' '2018-03-28T00:00:00.000000000'
 '2018-03-29T00:00:00.000000000' '2018-03-30T00:00:00.000000000'
 '2018-03-31T00:00:00.000000000' '2018-04-01T00:00:00.000000000'
 '2018-04-02T00:00:00.000000000' '2018-04-03T00:00:00.000000000'
 '2018-04-04T00:00:00.000000000' '2018-04-05T00:00:00.000000000'
 '2018-04-06T00:00:00.000000000' '2018-04-07T00:00:00.000000000'
 '2018-04-08T00:00:00.000000000' '2018-04-09T00:00:00.000000000']","[65.   65.75 63.   61.4  59.55 55.6  58.45 58.8  59.7  60.6  60.55 58.65
 61.1  60.65 59.3  56.3  55.35 55.75 54.35 54.35 57.75 60.7  61.2  62.7
 60.5  60.3  59.55 58.15 53.7  55.85 56.85 55.45 56.5  57.95 56.65 59.85
 60.6  60.75 60.6  58.95 58.35 58.25 58.2  57.95 57.35 57.05 55.4  55.2
 54.75 53.95 52.85 54.25 55.1  53.75 52.95 52.5  53.2  53.4  52.7  51.5 ]","[[71.76224 ]
 [72.42841 ]
 [73.23907 ]
 [72.53262 ]
 [72.09607 ]
 [72.418205]
 [73.14851 ]
 [74.68731 ]
 [74.34704 ]
 [73.63713 ]
 [73.507286]
 [73.47004 ]
 [72.65227 ]
 [72.34045 ]
 [72.29995 ]
 [72.084595]
 [71.90494 ]
 [71.85131 ]
 [71.769104]
 [71.283264]
 [71.06037 ]
 [70.80794 ]
 [71.054825]
 [71.71827 ]
 [71.51706 ]
 [71.27905 ]
 [71.05128 ]
 [71.27449 ]
 [70.865814]
 [70.57238 ]
 [70.38011 ]
 [70.54443 ]
 [70.4055  ]
 [70.27341 ]
 [70.33561 ]
 [71.04314 ]
 [70.51814 ]
 [70.21196 ]
 [70.34824 ]
 [69.949974]
 [69.83577 ]
 [70.22816 ]
 [70.15811 ]
 [69.73755 ]
 [71.476944]
 [70.87477 ]
 [70.80925 ]
 [70.52141 ]
 [71.30911 ]
 [72.798485]
 [71.59187 ]
 [70.30908 ]
 [70.1705  ]
 [69.99594 ]
 [69.892624]
 [70.008865]
 [69.17695 ]
 [69.00943 ]
 [68.786766]
 [68.768776]]"
SYNDIBANK,1,10,10,20,50,252,-,0.06232769477266162,0.2496551517046296,['2018-05-10T00:00:00.000000000'],[51.5],[[64.30317]]
SYNDIBANK,15,10,10,20,50,252,-,0.07473498841116032,0.2733770078319688,"['2018-04-19T00:00:00.000000000' '2018-04-20T00:00:00.000000000'
 '2018-04-21T00:00:00.000000000' '2018-04-22T00:00:00.000000000'
 '2018-04-23T00:00:00.000000000' '2018-04-24T00:00:00.000000000'
 '2018-04-25T00:00:00.000000000' '2018-04-26T00:00:00.000000000'
 '2018-04-27T00:00:00.000000000' '2018-04-28T00:00:00.000000000'
 '2018-04-29T00:00:00.000000000' '2018-04-30T00:00:00.000000000'
 '2018-05-01T00:00:00.000000000' '2018-05-02T00:00:00.000000000'
 '2018-05-03T00:00:00.000000000']","[57.05 55.4  55.2  54.75 53.95 52.85 54.25 55.1  53.75 52.95 52.5  53.2
 53.4  52.7  51.5 ]","[[66.649155]
 [66.34373 ]
 [66.25327 ]
 [66.91486 ]
 [66.40162 ]
 [67.16529 ]
 [67.234314]
 [67.31541 ]
 [67.18396 ]
 [66.79068 ]
 [66.73116 ]
 [66.61421 ]
 [66.3747  ]
 [66.455734]
 [66.241806]]"
SYNDIBANK,60,10,10,20,50,252,-,0.04956340718023274,0.22262840604970593,"['2018-02-09T00:00:00.000000000' '2018-02-10T00:00:00.000000000'
 '2018-02-11T00:00:00.000000000' '2018-02-12T00:00:00.000000000'
 '2018-02-13T00:00:00.000000000' '2018-02-14T00:00:00.000000000'
 '2018-02-15T00:00:00.000000000' '2018-02-16T00:00:00.000000000'
 '2018-02-17T00:00:00.000000000' '2018-02-18T00:00:00.000000000'
 '2018-02-19T00:00:00.000000000' '2018-02-20T00:00:00.000000000'
 '2018-02-21T00:00:00.000000000' '2018-02-22T00:00:00.000000000'
 '2018-02-23T00:00:00.000000000' '2018-02-24T00:00:00.000000000'
 '2018-02-25T00:00:00.000000000' '2018-02-26T00:00:00.000000000'
 '2018-02-27T00:00:00.000000000' '2018-02-28T00:00:00.000000000'
 '2018-03-01T00:00:00.000000000' '2018-03-02T00:00:00.000000000'
 '2018-03-03T00:00:00.000000000' '2018-03-04T00:00:00.000000000'
 '2018-03-05T00:00:00.000000000' '2018-03-06T00:00:00.000000000'
 '2018-03-07T00:00:00.000000000' '2018-03-08T00:00:00.000000000'
 '2018-03-09T00:00:00.000000000' '2018-03-10T00:00:00.000000000'
 '2018-03-11T00:00:00.000000000' '2018-03-12T00:00:00.000000000'
 '2018-03-13T00:00:00.000000000' '2018-03-14T00:00:00.000000000'
 '2018-03-15T00:00:00.000000000' '2018-03-16T00:00:00.000000000'
 '2018-03-17T00:00:00.000000000' '2018-03-18T00:00:00.000000000'
 '2018-03-19T00:00:00.000000000' '2018-03-20T00:00:00.000000000'
 '2018-03-21T00:00:00.000000000' '2018-03-22T00:00:00.000000000'
 '2018-03-23T00:00:00.000000000' '2018-03-24T00:00:00.000000000'
 '2018-03-25T00:00:00.000000000' '2018-03-26T00:00:00.000000000'
 '2018-03-27T00:00:00.000000000' '2018-03-28T00:00:00.000000000'
 '2018-03-29T00:00:00.000000000' '2018-03-30T00:00:00.000000000'
 '2018-03-31T00:00:00.000000000' '2018-04-01T00:00:00.000000000'
 '2018-04-02T00:00:00.000000000' '2018-04-03T00:00:00.000000000'
 '2018-04-04T00:00:00.000000000' '2018-04-05T00:00:00.000000000'
 '2018-04-06T00:00:00.000000000' '2018-04-07T00:00:00.000000000'
 '2018-04-08T00:00:00.000000000' '2018-04-09T00:00:00.000000000']","[65.   65.75 63.   61.4  59.55 55.6  58.45 58.8  59.7  60.6  60.55 58.65
 61.1  60.65 59.3  56.3  55.35 55.75 54.35 54.35 57.75 60.7  61.2  62.7
 60.5  60.3  59.55 58.15 53.7  55.85 56.85 55.45 56.5  57.95 56.65 59.85
 60.6  60.75 60.6  58.95 58.35 58.25 58.2  57.95 57.35 57.05 55.4  55.2
 54.75 53.95 52.85 54.25 55.1  53.75 52.95 52.5  53.2  53.4  52.7  51.5 ]","[[76.096855]
 [76.917465]
 [77.91554 ]
 [77.04564 ]
 [76.50919 ]
 [76.90574 ]
 [77.80663 ]
 [79.703026]
 [79.286766]
 [78.41406 ]
 [78.25352 ]
 [78.207565]
 [77.19922 ]
 [76.81708 ]
 [76.76778 ]
 [76.502945]
 [76.28391 ]
 [76.21633 ]
 [76.11358 ]
 [75.51435 ]
 [75.23811 ]
 [74.92443 ]
 [75.22874 ]
 [76.04585 ]
 [75.79643 ]
 [75.50304 ]
 [75.22267 ]
 [75.49675 ]
 [74.99225 ]
 [74.63255 ]
 [74.3977  ]
 [74.60241 ]
 [74.4313  ]
 [74.267715]
 [74.34402 ]
 [75.213394]
 [74.56545 ]
 [74.18594 ]
 [74.35279 ]
 [73.862   ]
 [73.722404]
 [74.20452 ]
 [74.11976 ]
 [73.602066]
 [75.74598 ]
 [75.00174 ]
 [74.92335 ]
 [74.56767 ]
 [75.53839 ]
 [77.371925]
 [75.88501 ]
 [74.31022 ]
 [74.14111 ]
 [73.92773 ]
 [73.80177 ]
 [73.9476  ]
 [72.92713 ]
 [72.7231  ]
 [72.4477  ]
 [72.42011 ]]"
SYNDIBANK,2,10,10,20,50,252,-,0.06602591771292332,0.2569550889025616,['2018-05-09T00:00:00.000000000' '2018-05-10T00:00:00.000000000'],[52.7 51.5],"[[64.87864]
 [65.07032]]"
TCS,1,10,10,20,50,252,-,0.1043889848100152,0.32309284239985137,['2018-05-10T00:00:00.000000000'],[3451.25],[[1649.4122]]
TCS,15,10,10,20,50,252,-,0.16462809671336065,0.40574388068504574,"['2018-04-19T00:00:00.000000000' '2018-04-20T00:00:00.000000000'
 '2018-04-21T00:00:00.000000000' '2018-04-22T00:00:00.000000000'
 '2018-04-23T00:00:00.000000000' '2018-04-24T00:00:00.000000000'
 '2018-04-25T00:00:00.000000000' '2018-04-26T00:00:00.000000000'
 '2018-04-27T00:00:00.000000000' '2018-04-28T00:00:00.000000000'
 '2018-04-29T00:00:00.000000000' '2018-04-30T00:00:00.000000000'
 '2018-05-01T00:00:00.000000000' '2018-05-02T00:00:00.000000000'
 '2018-05-03T00:00:00.000000000']","[3191.15 3402.45 3408.65 3385.65 3470.25 3539.25 3451.95 3532.1  3499.75
 3481.85 3480.75 3420.95 3441.2  3489.3  3451.25]","[[1509.6785]
 [1512.1233]
 [1521.5945]
 [1524.7745]
 [1527.134 ]
 [1536.1804]
 [1536.1132]
 [1530.2957]
 [1531.8909]
 [1545.7349]
 [1566.6617]
 [1576.5562]
 [1580.6058]
 [1578.3027]
 [1576.127 ]]"
TCS,60,10,10,20,50,252,-,0.16449442574190437,0.4055791238980433,"['2018-02-09T00:00:00.000000000' '2018-02-10T00:00:00.000000000'
 '2018-02-11T00:00:00.000000000' '2018-02-12T00:00:00.000000000'
 '2018-02-13T00:00:00.000000000' '2018-02-14T00:00:00.000000000'
 '2018-02-15T00:00:00.000000000' '2018-02-16T00:00:00.000000000'
 '2018-02-17T00:00:00.000000000' '2018-02-18T00:00:00.000000000'
 '2018-02-19T00:00:00.000000000' '2018-02-20T00:00:00.000000000'
 '2018-02-21T00:00:00.000000000' '2018-02-22T00:00:00.000000000'
 '2018-02-23T00:00:00.000000000' '2018-02-24T00:00:00.000000000'
 '2018-02-25T00:00:00.000000000' '2018-02-26T00:00:00.000000000'
 '2018-02-27T00:00:00.000000000' '2018-02-28T00:00:00.000000000'
 '2018-03-01T00:00:00.000000000' '2018-03-02T00:00:00.000000000'
 '2018-03-03T00:00:00.000000000' '2018-03-04T00:00:00.000000000'
 '2018-03-05T00:00:00.000000000' '2018-03-06T00:00:00.000000000'
 '2018-03-07T00:00:00.000000000' '2018-03-08T00:00:00.000000000'
 '2018-03-09T00:00:00.000000000' '2018-03-10T00:00:00.000000000'
 '2018-03-11T00:00:00.000000000' '2018-03-12T00:00:00.000000000'
 '2018-03-13T00:00:00.000000000' '2018-03-14T00:00:00.000000000'
 '2018-03-15T00:00:00.000000000' '2018-03-16T00:00:00.000000000'
 '2018-03-17T00:00:00.000000000' '2018-03-18T00:00:00.000000000'
 '2018-03-19T00:00:00.000000000' '2018-03-20T00:00:00.000000000'
 '2018-03-21T00:00:00.000000000' '2018-03-22T00:00:00.000000000'
 '2018-03-23T00:00:00.000000000' '2018-03-24T00:00:00.000000000'
 '2018-03-25T00:00:00.000000000' '2018-03-26T00:00:00.000000000'
 '2018-03-27T00:00:00.000000000' '2018-03-28T00:00:00.000000000'
 '2018-03-29T00:00:00.000000000' '2018-03-30T00:00:00.000000000'
 '2018-03-31T00:00:00.000000000' '2018-04-01T00:00:00.000000000'
 '2018-04-02T00:00:00.000000000' '2018-04-03T00:00:00.000000000'
 '2018-04-04T00:00:00.000000000' '2018-04-05T00:00:00.000000000'
 '2018-04-06T00:00:00.000000000' '2018-04-07T00:00:00.000000000'
 '2018-04-08T00:00:00.000000000' '2018-04-09T00:00:00.000000000']","[2971.7  2967.3  2911.8  2925.85 2933.05 2923.6  2944.75 3042.3  3050.2
 3075.8  3031.7  3042.35 3035.05 3037.7  3105.85 3042.8  3027.45 3003.95
 3034.1  3052.15 2886.8  2886.9  2869.7  2825.7  2831.   2864.85 2856.75
 2831.35 2818.15 2817.   2847.7  2849.15 2909.65 2911.25 2910.9  2957.95
 2950.3  2923.9  2937.6  3014.15 3139.25 3153.3  3187.65 3166.6  3159.1
 3191.15 3402.45 3408.65 3385.65 3470.25 3539.25 3451.95 3532.1  3499.75
 3481.85 3480.75 3420.95 3441.2  3489.3  3451.25]","[[1525.1088]
 [1514.8772]
 [1505.1636]
 [1501.6812]
 [1498.1897]
 [1499.8583]
 [1496.9952]
 [1503.0239]
 [1500.0602]
 [1496.8453]
 [1492.1836]
 [1495.0535]
 [1483.4379]
 [1484.3164]
 [1485.4501]
 [1485.6548]
 [1481.4764]
 [1477.7424]
 [1493.1823]
 [1486.2256]
 [1491.3124]
 [1490.4222]
 [1479.6188]
 [1484.6833]
 [1483.5464]
 [1485.5033]
 [1486.0112]
 [1504.0957]
 [1501.865 ]
 [1490.445 ]
 [1496.3689]
 [1510.4222]
 [1497.3835]
 [1495.8795]
 [1493.674 ]
 [1495.739 ]
 [1501.413 ]
 [1507.8746]
 [1510.7306]
 [1528.9207]
 [1527.4319]
 [1528.1692]
 [1515.7656]
 [1536.5804]
 [1544.7714]
 [1543.2556]
 [1548.3868]
 [1573.2438]
 [1574.9712]
 [1590.3901]
 [1580.9108]
 [1583.998 ]
 [1571.914 ]
 [1567.9983]
 [1565.4805]
 [1563.566 ]
 [1552.6682]
 [1541.2241]
 [1539.4617]
 [1542.6405]]"
TCS,2,10,10,20,50,252,-,0.09274356087744869,0.3045382748973414,['2018-05-09T00:00:00.000000000' '2018-05-10T00:00:00.000000000'],[3489.3  3451.25],"[[1752.1884]
 [1752.0171]]"
NIFTYIT,1,10,10,20,50,252,-,0.11930358136219077,0.34540350513883145,['2018-05-10T00:00:00.000000000'],[13427.3],[[7972.906]]
NIFTYIT,15,10,10,20,50,252,-,0.15294875352609236,0.39108663174045255,"['2018-04-19T00:00:00.000000000' '2018-04-20T00:00:00.000000000'
 '2018-04-21T00:00:00.000000000' '2018-04-22T00:00:00.000000000'
 '2018-04-23T00:00:00.000000000' '2018-04-24T00:00:00.000000000'
 '2018-04-25T00:00:00.000000000' '2018-04-26T00:00:00.000000000'
 '2018-04-27T00:00:00.000000000' '2018-04-28T00:00:00.000000000'
 '2018-04-29T00:00:00.000000000' '2018-04-30T00:00:00.000000000'
 '2018-05-01T00:00:00.000000000' '2018-05-02T00:00:00.000000000'
 '2018-05-03T00:00:00.000000000']","[13273.45 13910.35 14013.95 13734.8  13892.4  14026.65 13794.9  13986.25
 13754.3  13473.95 13453.3  13424.9  13379.65 13453.4  13427.3 ]","[[7521.847 ]
 [7539.3237]
 [7540.1084]
 [7520.106 ]
 [7504.249 ]
 [7543.565 ]
 [7525.927 ]
 [7502.8823]
 [7524.028 ]
 [7558.5938]
 [7682.37  ]
 [7743.12  ]
 [7723.381 ]
 [7702.294 ]
 [7681.308 ]]"
NIFTYIT,60,10,10,20,50,252,-,0.14806385304129452,0.38479066132287376,"['2018-02-09T00:00:00.000000000' '2018-02-10T00:00:00.000000000'
 '2018-02-11T00:00:00.000000000' '2018-02-12T00:00:00.000000000'
 '2018-02-13T00:00:00.000000000' '2018-02-14T00:00:00.000000000'
 '2018-02-15T00:00:00.000000000' '2018-02-16T00:00:00.000000000'
 '2018-02-17T00:00:00.000000000' '2018-02-18T00:00:00.000000000'
 '2018-02-19T00:00:00.000000000' '2018-02-20T00:00:00.000000000'
 '2018-02-21T00:00:00.000000000' '2018-02-22T00:00:00.000000000'
 '2018-02-23T00:00:00.000000000' '2018-02-24T00:00:00.000000000'
 '2018-02-25T00:00:00.000000000' '2018-02-26T00:00:00.000000000'
 '2018-02-27T00:00:00.000000000' '2018-02-28T00:00:00.000000000'
 '2018-03-01T00:00:00.000000000' '2018-03-02T00:00:00.000000000'
 '2018-03-03T00:00:00.000000000' '2018-03-04T00:00:00.000000000'
 '2018-03-05T00:00:00.000000000' '2018-03-06T00:00:00.000000000'
 '2018-03-07T00:00:00.000000000' '2018-03-08T00:00:00.000000000'
 '2018-03-09T00:00:00.000000000' '2018-03-10T00:00:00.000000000'
 '2018-03-11T00:00:00.000000000' '2018-03-12T00:00:00.000000000'
 '2018-03-13T00:00:00.000000000' '2018-03-14T00:00:00.000000000'
 '2018-03-15T00:00:00.000000000' '2018-03-16T00:00:00.000000000'
 '2018-03-17T00:00:00.000000000' '2018-03-18T00:00:00.000000000'
 '2018-03-19T00:00:00.000000000' '2018-03-20T00:00:00.000000000'
 '2018-03-21T00:00:00.000000000' '2018-03-22T00:00:00.000000000'
 '2018-03-23T00:00:00.000000000' '2018-03-24T00:00:00.000000000'
 '2018-03-25T00:00:00.000000000' '2018-03-26T00:00:00.000000000'
 '2018-03-27T00:00:00.000000000' '2018-03-28T00:00:00.000000000'
 '2018-03-29T00:00:00.000000000' '2018-03-30T00:00:00.000000000'
 '2018-03-31T00:00:00.000000000' '2018-04-01T00:00:00.000000000'
 '2018-04-02T00:00:00.000000000' '2018-04-03T00:00:00.000000000'
 '2018-04-04T00:00:00.000000000' '2018-04-05T00:00:00.000000000'
 '2018-04-06T00:00:00.000000000' '2018-04-07T00:00:00.000000000'
 '2018-04-08T00:00:00.000000000' '2018-04-09T00:00:00.000000000']","[12492.7  12422.65 12420.   12456.5  12437.9  12331.4  12372.   12660.05
 12730.25 12871.15 12713.15 12746.8  12809.   12769.45 12857.65 12706.1
 12677.1  12682.4  12747.25 12923.4  12734.2  12786.95 12762.25 12698.4
 12421.3  12609.1  12608.85 12489.6  12541.1  12462.4  12518.2  12511.55
 12707.1  12615.45 12490.85 12682.55 12603.35 12531.2  12576.5  12759.1
 13168.2  13260.45 13203.1  13162.3  13124.   13273.45 13910.35 14013.95
 13734.8  13892.4  14026.65 13794.9  13986.25 13754.3  13473.95 13453.3
 13424.9  13379.65 13453.4  13427.3 ]","[[7441.402 ]
 [7500.3003]
 [7416.033 ]
 [7380.962 ]
 [7387.9756]
 [7384.4136]
 [7419.8228]
 [7459.4863]
 [7449.3296]
 [7427.815 ]
 [7412.384 ]
 [7421.1606]
 [7336.3203]
 [7402.231 ]
 [7379.135 ]
 [7400.9805]
 [7423.5386]
 [7411.412 ]
 [7437.6274]
 [7437.727 ]
 [7428.0576]
 [7440.286 ]
 [7451.28  ]
 [7443.5005]
 [7417.6753]
 [7413.5225]
 [7438.2617]
 [7482.209 ]
 [7494.0654]
 [7490.301 ]
 [7530.819 ]
 [7778.684 ]
 [7537.869 ]
 [7529.865 ]
 [7510.72  ]
 [7493.4707]
 [7498.9565]
 [7541.8022]
 [7576.233 ]
 [7628.213 ]
 [7664.677 ]
 [7675.183 ]
 [7608.7495]
 [7730.85  ]
 [7752.856 ]
 [7762.32  ]
 [7751.0796]
 [7817.5767]
 [7852.987 ]
 [7937.6187]
 [7897.671 ]
 [7865.6313]
 [7836.2017]
 [7774.6123]
 [7745.477 ]
 [7735.086 ]
 [7708.319 ]
 [7643.311 ]
 [7644.6084]
 [7676.266 ]]"
NIFTYIT,2,10,10,20,50,252,-,0.12810264303172977,0.35791429565152855,['2018-05-09T00:00:00.000000000' '2018-05-10T00:00:00.000000000'],[13453.4 13427.3],"[[7739.1455]
 [7735.846 ]]"
BANKNIFTY,1,10,10,20,50,252,-,0.1227640576043706,0.3503770220838841,['2018-05-10T00:00:00.000000000'],[26131.],[[12567.123]]
BANKNIFTY,15,10,10,20,50,252,-,0.12360270440449725,0.3515717628088144,"['2018-04-19T00:00:00.000000000' '2018-04-20T00:00:00.000000000'
 '2018-04-21T00:00:00.000000000' '2018-04-22T00:00:00.000000000'
 '2018-04-23T00:00:00.000000000' '2018-04-24T00:00:00.000000000'
 '2018-04-25T00:00:00.000000000' '2018-04-26T00:00:00.000000000'
 '2018-04-27T00:00:00.000000000' '2018-04-28T00:00:00.000000000'
 '2018-04-29T00:00:00.000000000' '2018-04-30T00:00:00.000000000'
 '2018-05-01T00:00:00.000000000' '2018-05-02T00:00:00.000000000'
 '2018-05-03T00:00:00.000000000']","[25126.15 24943.85 24960.65 25042.1  24814.4  25010.9  25394.6  25531.6
 25568.3  25605.25 25645.4  25852.05 26090.5  26154.45 26131.  ]","[[12587.757]
 [12543.805]
 [12457.276]
 [12491.808]
 [12478.474]
 [12597.041]
 [12657.729]
 [12648.931]
 [12740.712]
 [12685.104]
 [12707.311]
 [12710.295]
 [12709.659]
 [12719.263]
 [12592.195]]"
BANKNIFTY,60,10,10,20,50,252,-,0.11298819918424712,0.33613717316632374,"['2018-02-09T00:00:00.000000000' '2018-02-10T00:00:00.000000000'
 '2018-02-11T00:00:00.000000000' '2018-02-12T00:00:00.000000000'
 '2018-02-13T00:00:00.000000000' '2018-02-14T00:00:00.000000000'
 '2018-02-15T00:00:00.000000000' '2018-02-16T00:00:00.000000000'
 '2018-02-17T00:00:00.000000000' '2018-02-18T00:00:00.000000000'
 '2018-02-19T00:00:00.000000000' '2018-02-20T00:00:00.000000000'
 '2018-02-21T00:00:00.000000000' '2018-02-22T00:00:00.000000000'
 '2018-02-23T00:00:00.000000000' '2018-02-24T00:00:00.000000000'
 '2018-02-25T00:00:00.000000000' '2018-02-26T00:00:00.000000000'
 '2018-02-27T00:00:00.000000000' '2018-02-28T00:00:00.000000000'
 '2018-03-01T00:00:00.000000000' '2018-03-02T00:00:00.000000000'
 '2018-03-03T00:00:00.000000000' '2018-03-04T00:00:00.000000000'
 '2018-03-05T00:00:00.000000000' '2018-03-06T00:00:00.000000000'
 '2018-03-07T00:00:00.000000000' '2018-03-08T00:00:00.000000000'
 '2018-03-09T00:00:00.000000000' '2018-03-10T00:00:00.000000000'
 '2018-03-11T00:00:00.000000000' '2018-03-12T00:00:00.000000000'
 '2018-03-13T00:00:00.000000000' '2018-03-14T00:00:00.000000000'
 '2018-03-15T00:00:00.000000000' '2018-03-16T00:00:00.000000000'
 '2018-03-17T00:00:00.000000000' '2018-03-18T00:00:00.000000000'
 '2018-03-19T00:00:00.000000000' '2018-03-20T00:00:00.000000000'
 '2018-03-21T00:00:00.000000000' '2018-03-22T00:00:00.000000000'
 '2018-03-23T00:00:00.000000000' '2018-03-24T00:00:00.000000000'
 '2018-03-25T00:00:00.000000000' '2018-03-26T00:00:00.000000000'
 '2018-03-27T00:00:00.000000000' '2018-03-28T00:00:00.000000000'
 '2018-03-29T00:00:00.000000000' '2018-03-30T00:00:00.000000000'
 '2018-03-31T00:00:00.000000000' '2018-04-01T00:00:00.000000000'
 '2018-04-02T00:00:00.000000000' '2018-04-03T00:00:00.000000000'
 '2018-04-04T00:00:00.000000000' '2018-04-05T00:00:00.000000000'
 '2018-04-06T00:00:00.000000000' '2018-04-07T00:00:00.000000000'
 '2018-04-08T00:00:00.000000000' '2018-04-09T00:00:00.000000000']","[25463.65 25701.6  25341.25 25424.35 25163.9  25058.55 24874.4  24936.7
 24955.2  25302.5  25687.9  25383.6  25107.4  24902.55 24818.7  24448.45
 24134.1  24477.65 24296.45 24664.2  24738.65 24851.65 24791.85 24489.55
 24245.1  24168.2  24255.6  24141.5  23670.4  24244.35 24434.15 24263.35
 24328.5  24510.6  24129.5  24759.8  24873.15 25093.8  25226.8  25098.25
 25195.1  25200.6  25320.85 25334.45 25102.3  25126.15 24943.85 24960.65
 25042.1  24814.4  25010.9  25394.6  25531.6  25568.3  25605.25 25645.4
 25852.05 26090.5  26154.45 26131.  ]","[[12802.723]
 [12836.612]
 [12925.569]
 [12899.485]
 [12910.081]
 [12919.386]
 [12897.069]
 [12903.081]
 [12927.82 ]
 [12914.089]
 [12867.898]
 [12775.396]
 [12726.731]
 [12709.718]
 [12730.919]
 [12686.7  ]
 [12737.336]
 [12808.198]
 [12809.898]
 [12745.823]
 [12691.898]
 [12722.716]
 [12821.153]
 [12865.817]
 [12879.11 ]
 [12870.494]
 [12830.374]
 [12857.589]
 [12855.287]
 [12807.024]
 [12804.175]
 [12775.06 ]
 [12719.119]
 [12733.096]
 [12720.672]
 [12790.447]
 [12844.246]
 [12870.853]
 [12865.574]
 [12822.287]
 [12859.602]
 [12885.682]
 [13018.865]
 [12979.521]
 [13040.93 ]
 [13145.512]
 [13161.789]
 [13196.558]
 [13289.212]
 [13312.209]
 [13332.68 ]
 [13287.564]
 [13195.709]
 [13174.24 ]
 [13114.926]
 [12956.847]
 [12900.906]
 [12897.551]
 [12909.041]
 [12935.969]]"
BANKNIFTY,2,10,10,20,50,252,-,0.10321805093065695,0.3212756619021381,['2018-05-09T00:00:00.000000000' '2018-05-10T00:00:00.000000000'],[26154.45 26131.  ],"[[13378.946]
 [13520.166]]"
NIFTY,1,10,10,20,50,252,-,0.10656568626309657,0.32644400172632454,['2018-05-10T00:00:00.000000000'],[10716.55],[[6445.7764]]
NIFTY,15,10,10,20,50,252,-,0.12345154219775684,0.3513567164545981,"['2018-04-19T00:00:00.000000000' '2018-04-20T00:00:00.000000000'
 '2018-04-21T00:00:00.000000000' '2018-04-22T00:00:00.000000000'
 '2018-04-23T00:00:00.000000000' '2018-04-24T00:00:00.000000000'
 '2018-04-25T00:00:00.000000000' '2018-04-26T00:00:00.000000000'
 '2018-04-27T00:00:00.000000000' '2018-04-28T00:00:00.000000000'
 '2018-04-29T00:00:00.000000000' '2018-04-30T00:00:00.000000000'
 '2018-05-01T00:00:00.000000000' '2018-05-02T00:00:00.000000000'
 '2018-05-03T00:00:00.000000000']","[10565.3  10564.05 10584.7  10614.35 10570.55 10617.8  10692.3  10739.35
 10718.05 10679.65 10618.25 10715.5  10717.8  10741.7  10716.55]","[[6243.111 ]
 [6255.7505]
 [6229.023 ]
 [6235.065 ]
 [6223.93  ]
 [6264.9395]
 [6262.503 ]
 [6281.6113]
 [6295.389 ]
 [6299.9805]
 [6306.2617]
 [6304.1133]
 [6306.2437]
 [6319.627 ]
 [6303.5664]]"
NIFTY,60,10,10,20,50,252,-,0.11350995623463885,0.3369123865853537,"['2018-02-09T00:00:00.000000000' '2018-02-10T00:00:00.000000000'
 '2018-02-11T00:00:00.000000000' '2018-02-12T00:00:00.000000000'
 '2018-02-13T00:00:00.000000000' '2018-02-14T00:00:00.000000000'
 '2018-02-15T00:00:00.000000000' '2018-02-16T00:00:00.000000000'
 '2018-02-17T00:00:00.000000000' '2018-02-18T00:00:00.000000000'
 '2018-02-19T00:00:00.000000000' '2018-02-20T00:00:00.000000000'
 '2018-02-21T00:00:00.000000000' '2018-02-22T00:00:00.000000000'
 '2018-02-23T00:00:00.000000000' '2018-02-24T00:00:00.000000000'
 '2018-02-25T00:00:00.000000000' '2018-02-26T00:00:00.000000000'
 '2018-02-27T00:00:00.000000000' '2018-02-28T00:00:00.000000000'
 '2018-03-01T00:00:00.000000000' '2018-03-02T00:00:00.000000000'
 '2018-03-03T00:00:00.000000000' '2018-03-04T00:00:00.000000000'
 '2018-03-05T00:00:00.000000000' '2018-03-06T00:00:00.000000000'
 '2018-03-07T00:00:00.000000000' '2018-03-08T00:00:00.000000000'
 '2018-03-09T00:00:00.000000000' '2018-03-10T00:00:00.000000000'
 '2018-03-11T00:00:00.000000000' '2018-03-12T00:00:00.000000000'
 '2018-03-13T00:00:00.000000000' '2018-03-14T00:00:00.000000000'
 '2018-03-15T00:00:00.000000000' '2018-03-16T00:00:00.000000000'
 '2018-03-17T00:00:00.000000000' '2018-03-18T00:00:00.000000000'
 '2018-03-19T00:00:00.000000000' '2018-03-20T00:00:00.000000000'
 '2018-03-21T00:00:00.000000000' '2018-03-22T00:00:00.000000000'
 '2018-03-23T00:00:00.000000000' '2018-03-24T00:00:00.000000000'
 '2018-03-25T00:00:00.000000000' '2018-03-26T00:00:00.000000000'
 '2018-03-27T00:00:00.000000000' '2018-03-28T00:00:00.000000000'
 '2018-03-29T00:00:00.000000000' '2018-03-30T00:00:00.000000000'
 '2018-03-31T00:00:00.000000000' '2018-04-01T00:00:00.000000000'
 '2018-04-02T00:00:00.000000000' '2018-04-03T00:00:00.000000000'
 '2018-04-04T00:00:00.000000000' '2018-04-05T00:00:00.000000000'
 '2018-04-06T00:00:00.000000000' '2018-04-07T00:00:00.000000000'
 '2018-04-08T00:00:00.000000000' '2018-04-09T00:00:00.000000000']","[10454.95 10539.75 10500.9  10545.5  10452.3  10378.4  10360.4  10397.45
 10382.7  10491.05 10582.6  10554.3  10492.85 10458.35 10358.85 10249.25
 10154.2  10242.65 10226.85 10421.4  10426.85 10410.9  10360.15 10195.15
 10094.25 10124.35 10155.25 10114.75  9998.05 10130.65 10184.15 10113.7
 10211.8  10245.   10128.4  10325.15 10331.6  10379.35 10402.25 10417.15
 10458.65 10480.6  10528.35 10548.7  10526.2  10565.3  10564.05 10584.7
 10614.35 10570.55 10617.8  10692.3  10739.35 10718.05 10679.65 10618.25
 10715.5  10717.8  10741.7  10716.55]","[[6290.66  ]
 [6311.2563]
 [6335.047 ]
 [6315.4053]
 [6333.9004]
 [6331.0894]
 [6332.6807]
 [6338.4673]
 [6346.6772]
 [6350.652 ]
 [6327.1743]
 [6337.941 ]
 [6264.387 ]
 [6269.6387]
 [6270.852 ]
 [6263.0796]
 [6301.8877]
 [6336.573 ]
 [6333.455 ]
 [6318.5254]
 [6302.8325]
 [6308.9556]
 [6360.8716]
 [6365.236 ]
 [6368.8257]
 [6364.738 ]
 [6355.9766]
 [6364.1807]
 [6381.037 ]
 [6370.2344]
 [6390.725 ]
 [6361.737 ]
 [6323.422 ]
 [6328.358 ]
 [6333.214 ]
 [6350.7173]
 [6367.7173]
 [6382.8813]
 [6401.0186]
 [6393.652 ]
 [6392.766 ]
 [6409.109 ]
 [6422.8677]
 [6414.134 ]
 [6439.226 ]
 [6466.0864]
 [6449.2812]
 [6472.8037]
 [6512.0967]
 [6519.1543]
 [6528.0493]
 [6509.877 ]
 [6474.3477]
 [6462.8643]
 [6472.3516]
 [6400.836 ]
 [6373.4536]
 [6364.8584]
 [6373.5967]
 [6389.201 ]]"
SYNDIBANK,1,10,10,ilyReturn,8,15,-,0.05897778036931012,0.24285341333674954,['2018-05-10T00:00:00.000000000'],[51.5],[[67.53908]]
SYNDIBANK,1,10,10,ilyReturn,8,16,-,0.0408996385373887,0.20223659050080106,['2018-05-10T00:00:00.000000000'],[51.5],[[70.6907]]
SYNDIBANK,1,10,10,ilyReturn,8,17,-,0.05627971434384395,0.23723345957904832,['2018-05-10T00:00:00.000000000'],[51.5],[[69.47515]]
SYNDIBANK,1,10,10,ilyReturn,8,18,-,0.050936882963479195,0.22569200908202133,['2018-05-10T00:00:00.000000000'],[51.5],[[67.655464]]
SYNDIBANK,1,10,10,ilyReturn,8,50,-,0.07074583324182565,0.26598088886577104,['2018-05-10T00:00:00.000000000'],[51.5],[[65.08294]]
SYNDIBANK,1,10,10,ilyReturn,8,51,-,0.061356537795433826,0.24770251875068575,['2018-05-10T00:00:00.000000000'],[51.5],[[67.1738]]
SYNDIBANK,1,10,10,ilyReturn,8,52,-,0.04512289009450474,0.21242149160220286,['2018-05-10T00:00:00.000000000'],[51.5],[[70.519745]]
SYNDIBANK,1,10,10,ilyReturn,8,53,-,0.06876411192482951,0.26222912104651824,['2018-05-10T00:00:00.000000000'],[51.5],[[65.23843]]
SYNDIBANK,1,10,10,ilyReturn,9,15,-,0.04440109250620166,0.2107156674435996,['2018-05-10T00:00:00.000000000'],[51.5],[[70.000946]]
SYNDIBANK,1,10,10,ilyReturn,9,16,-,0.037528662853370046,0.19372316034323322,['2018-05-10T00:00:00.000000000'],[51.5],[[70.55612]]
SYNDIBANK,1,10,10,ilyReturn,9,17,-,0.05161587653519495,0.2271912774188194,['2018-05-10T00:00:00.000000000'],[51.5],[[67.95565]]
SYNDIBANK,1,10,10,ilyReturn,9,18,-,0.0645794058712931,0.2541247840555759,['2018-05-10T00:00:00.000000000'],[51.5],[[65.19221]]
SYNDIBANK,1,10,10,ilyReturn,9,50,-,0.06738081161573434,0.25957814163703063,['2018-05-10T00:00:00.000000000'],[51.5],[[65.4515]]
SYNDIBANK,1,10,10,ilyReturn,9,51,-,0.05792605793083802,0.24067832875196307,['2018-05-10T00:00:00.000000000'],[51.5],[[66.265526]]
SYNDIBANK,1,10,10,ilyReturn,9,52,-,0.044361183937884185,0.21062094847826554,['2018-05-10T00:00:00.000000000'],[51.5],[[69.160675]]
SYNDIBANK,1,10,10,ilyReturn,9,53,-,0.038400637590961094,0.19596080626227555,['2018-05-10T00:00:00.000000000'],[51.5],[[71.11045]]
SYNDIBANK,1,10,10,ilyReturn,10,15,-,0.07190284190695503,0.26814705276574463,['2018-05-10T00:00:00.000000000'],[51.5],[[63.177628]]
SYNDIBANK,1,10,10,ilyReturn,10,16,-,0.06245375860427089,0.24990750009607732,['2018-05-10T00:00:00.000000000'],[51.5],[[66.05965]]
SYNDIBANK,1,10,10,ilyReturn,10,17,-,0.0552327735092483,0.23501653879939663,['2018-05-10T00:00:00.000000000'],[51.5],[[67.94895]]
SYNDIBANK,1,10,10,ilyReturn,10,18,-,0.043763953630838175,0.2091983595319002,['2018-05-10T00:00:00.000000000'],[51.5],[[69.17234]]
SYNDIBANK,1,10,10,ilyReturn,10,50,-,0.05333761549742612,0.23094937864697995,['2018-05-10T00:00:00.000000000'],[51.5],[[66.56677]]
SYNDIBANK,1,10,10,ilyReturn,10,51,-,0.03903123016633299,0.1975632308055651,['2018-05-10T00:00:00.000000000'],[51.5],[[69.66514]]
