Date,Open,High,Low,Close,Volume,Turnover
2015-01-01,11214.8,11235.75,11166.35,11215.7,4246150.0,3575100000.0
2015-01-02,11214.65,11399.1,11214.65,11372.1,10004862.0,9645600000.0
2015-01-05,11369.35,11433.75,11186.95,11248.55,8858018.0,10590000000.0
2015-01-06,11186.1,11186.1,10909.0,10959.9,12515739.0,13645000000.0
2015-01-07,11013.2,11042.35,10889.55,10916.0,10976356.0,12034400000.0
2015-01-08,11031.15,11058.15,10915.05,11018.15,12975117.0,14856300000.000002
2015-01-09,11058.05,11484.9,10932.2,11399.65,24812224.0,35364200000.0
2015-01-12,11456.0,11565.85,11378.8,11543.65,16505074.0,17123100000.0
2015-01-13,11545.25,11546.6,11437.95,11502.8,12511358.0,14175100000.0
2015-01-14,11561.95,11631.55,11521.0,11614.3,12544558.0,14385300000.0
2015-01-15,11672.3,11774.5,11575.1,11669.85,13882213.0,17645600000.0
2015-01-16,11708.85,11708.85,11582.85,11659.6,12368107.0,17146900000.0
2015-01-19,11732.5,11797.6,11629.05,11642.75,13696381.0,11837500000.0
2015-01-20,11681.8,11721.9,11635.7,11695.0,11021415.0,12347300000.0
2015-01-21,11732.45,11838.3,11659.7,11813.7,18679282.0,19730700000.0
2015-01-22,11832.55,11884.5,11782.95,11850.85,15715515.0,16556700000.0
2015-01-23,11877.9,11921.0,11767.4,11885.15,30034833.0,20012100000.0
2015-01-27,11915.6,11917.25,11679.55,11693.45,17005337.0,18668400000.0
2015-01-28,11712.55,11821.8,11693.8,11809.55,16876897.0,19375900000.0
2015-01-29,11812.35,11861.5,11728.75,11824.15,15520902.0,21607900000.0
2015-01-30,11998.35,12003.35,11799.35,11824.75,18559078.0,29059500000.0
2015-02-02,11871.35,11972.6,11847.8,11943.95,17272113.0,23040500000.0
2015-02-03,11963.75,12000.65,11849.0,11963.9,21053605.0,17705900000.0
2015-02-04,12027.1,12027.1,11902.35,11938.9,14453955.0,12905700000.0
2015-02-05,11967.75,12295.35,11963.8,12165.15,15826989.0,21240100000.000004
2015-02-06,12190.7,12380.45,12186.95,12267.95,11167848.0,13259900000.0
2015-02-09,12160.9,12285.45,12160.9,12249.3,10996415.0,12210100000.0
2015-02-10,12215.2,12297.75,12129.65,12162.85,17687306.0,18518700000.0
2015-02-11,12198.45,12265.7,12149.35,12243.4,12905131.0,13637000000.0
2015-02-12,12277.2,12397.0,12253.05,12372.0,16012381.0,15159500000.0
2015-02-13,12369.6,12506.7,12353.25,12464.95,12674963.0,15273500000.0
2015-02-16,12461.75,12541.05,12457.65,12487.2,14443816.0,15718500000.0
2015-02-18,12511.05,12647.7,12442.7,12632.75,20825161.0,20474000000.0
2015-02-19,12629.05,12737.1,12628.75,12723.8,15057455.0,16950000000.0
2015-02-20,12750.0,12750.0,12550.75,12571.95,11383919.0,12248400000.0
2015-02-23,12607.35,12709.9,12475.9,12531.3,19847310.0,13766099999.999998
2015-02-24,12572.25,12644.1,12514.65,12566.2,14110110.0,14173599999.999998
2015-02-25,12621.55,12719.9,12600.05,12633.35,13377354.0,12720800000.0
2015-02-26,12623.8,12633.15,12429.5,12458.5,23693036.0,17881900000.0
2015-02-27,12511.25,12578.1,12434.65,12554.95,39838312.0,20933600000.0
2015-02-28,12612.05,12700.05,12493.95,12659.8,29800058.0,11718200000.0
2015-03-02,12700.6,12719.05,12586.15,12663.7,15906080.0,15320800000.0
2015-03-03,12687.25,12871.15,12635.5,12855.9,20847787.0,19713500000.0
2015-03-04,12885.75,12908.1,12630.55,12730.6,15783902.0,18764800000.0
2015-03-05,12719.1,12832.3,12615.45,12665.5,12712799.0,15151900000.0
2015-03-09,12599.8,12599.8,12372.45,12422.25,15075030.0,19056600000.0
2015-03-10,12404.35,12462.8,12307.1,12405.05,15020359.0,17451800000.0
2015-03-11,12414.7,12585.55,12298.5,12352.35,18633646.0,21949500000.0
2015-03-12,12377.2,12442.4,12329.25,12423.65,12590586.0,16407300000.0
2015-03-13,12478.55,12478.55,12248.45,12312.15,17452417.0,16123300000.0
2015-03-16,12308.95,12477.45,12297.2,12419.05,14394029.0,17381200000.0
2015-03-17,12459.6,12498.85,12300.85,12383.15,15605123.0,18245900000.0
2015-03-18,12434.25,12448.45,12256.55,12276.1,18361292.0,29391500000.0
2015-03-19,12298.25,12356.65,12253.1,12275.2,22006335.0,21624200000.0
2015-03-20,12306.6,12392.85,12274.35,12363.5,22332970.0,18174100000.0
2015-03-23,12364.3,12443.25,12217.75,12244.45,15526314.0,12994100000.0
2015-03-24,12266.2,12345.05,12154.45,12180.0,18635698.0,15838699999.999998
2015-03-25,12214.55,12256.4,12135.5,12225.6,20385357.0,16186199999.999998
2015-03-26,12168.3,12204.45,11865.85,11902.1,24114701.0,22855200000.0
2015-03-27,11978.05,12146.9,11926.95,11968.5,25148358.0,20229400000.0
2015-03-30,12010.65,12127.6,11971.4,12100.85,19114043.0,15454100000.0
2015-03-31,12159.05,12206.8,12005.2,12083.0,20925080.0,15756000000.0
2015-04-01,11997.45,12008.55,11880.15,11952.2,22785639.0,18084900000.0
2015-04-06,11970.2,11997.3,11872.65,11969.25,22313207.0,17913900000.0
2015-04-07,11999.25,12062.25,11881.5,11989.35,18185399.0,15514500000.0
2015-04-08,12072.2,12249.1,12060.25,12214.3,22589842.0,18275900000.0
2015-04-09,12296.75,12323.7,12171.15,12279.4,16386979.0,16145200000.0
2015-04-10,12249.05,12335.75,12244.2,12294.75,16529907.0,12912900000.0
2015-04-13,12329.1,12349.45,12222.9,12333.8,16440526.0,10387200000.0
2015-04-15,12335.15,12369.4,12121.55,12154.55,20643272.0,15146000000.0
2015-04-16,12187.55,12198.05,11947.05,12059.0,29861650.0,18371100000.0
2015-04-17,11972.35,11972.35,11758.75,11803.05,25776375.0,23086300000.0
2015-04-20,11805.5,11815.7,11538.85,11562.2,19374740.0,17858400000.0
2015-04-21,11472.6,11602.8,11415.0,11558.4,28704508.0,21551600000.0
2015-04-22,11552.5,11552.5,11345.1,11492.0,29316560.0,24753900000.0
2015-04-23,11571.05,11572.05,11410.4,11451.55,22676328.0,21469400000.0
2015-04-24,11474.4,11523.0,11077.3,11132.25,33250761.0,36851600000.0
2015-04-27,11166.4,11170.5,10941.75,11097.9,25778777.0,21486400000.0
2015-04-28,11097.2,11097.2,10979.2,11052.95,21748906.0,18302400000.0
2015-04-29,11039.0,11150.55,10954.0,11094.4,21642220.0,15436300000.000002
2015-04-30,11056.5,11056.5,10916.65,11001.05,44619697.0,24742500000.0
2015-05-04,11087.5,11217.2,11044.25,11191.45,24105159.0,15830300000.0
2015-05-05,11252.3,11264.35,11115.5,11170.25,23245719.0,16649400000.0
2015-05-06,11186.35,11191.7,10921.75,10938.85,21427168.0,17943900000.0
2015-05-07,10934.8,11172.15,10900.9,11127.75,20232917.0,14444000000.0
2015-05-08,11209.15,11268.6,11134.2,11172.05,14833619.0,12406300000.000002
2015-05-11,11225.15,11351.05,11184.65,11324.55,16210415.0,13733300000.0
2015-05-12,11337.7,11337.7,11101.25,11118.45,15553985.0,13224400000.0
2015-05-13,11168.7,11225.55,11040.55,11170.5,15567676.0,12594800000.0
2015-05-14,11185.6,11185.6,11021.85,11093.6,11405303.0,9328700000.0
2015-05-15,11109.7,11208.2,11099.2,11171.9,13739827.0,10188000000.0
2015-05-18,11200.4,11294.45,11147.15,11279.45,15340671.0,14323100000.0
2015-05-19,11264.8,11425.15,11260.2,11372.2,18508134.0,15437800000.0
2015-05-20,11438.7,11583.05,11438.7,11571.7,16636054.0,13842100000.0
2015-05-21,11589.0,11638.1,11572.6,11618.6,14274561.0,13751900000.0
2015-05-22,11584.7,11745.75,11562.5,11728.4,15469572.0,14653900000.000002
2015-05-25,11740.75,11784.35,11602.1,11623.35,12204690.0,9656500000.0
2015-05-26,11608.75,11649.7,11562.05,11581.9,11485852.0,9862600000.0
2015-05-27,11481.45,11481.45,11338.05,11367.5,34196705.0,23480100000.000004
2015-05-28,11368.0,11483.75,11321.65,11450.85,25687562.0,21899800000.0
2015-05-29,11443.1,11647.05,11411.15,11575.05,21994515.0,26837900000.0
2015-06-01,11561.9,11629.55,11496.05,11525.65,6488920.0,7631900000.000001
2015-06-02,11523.85,11563.95,11326.7,11347.9,8320203.0,11301300000.000002
2015-06-03,11383.1,11421.55,11299.75,11361.1,10771997.0,11263300000.0
2015-06-04,11375.85,11455.9,11331.85,11379.2,10994711.0,14162900000.0
2015-06-05,11376.45,11444.0,11282.3,11291.55,9222361.0,11431199999.999998
2015-06-08,11302.75,11303.6,11196.5,11238.6,7174359.0,8758800000.0
2015-06-09,11235.3,11254.45,11114.3,11142.95,9772047.0,11457500000.0
2015-06-10,11145.4,11423.75,11136.4,11401.7,10375358.0,12413699999.999998
2015-06-11,11420.0,11444.75,11213.4,11227.15,9863136.0,11846600000.0
2015-06-12,11222.8,11267.0,10930.45,11049.35,10397130.0,12966000000.0
2015-06-15,11022.7,11170.05,10933.4,11093.85,7860544.0,8476000000.0
2015-06-16,11111.8,11135.25,11046.0,11119.2,7153751.0,6866200000.0
2015-06-17,11181.9,11221.15,11114.35,11143.5,9431119.0,9684900000.0
2015-06-18,11191.75,11259.15,11164.1,11215.35,9612244.0,9076800000.0
2015-06-19,11260.9,11353.25,11222.25,11243.65,14338486.0,12526500000.0
2015-06-22,11266.9,11446.8,11260.95,11429.8,8220207.0,7600400000.0
2015-06-23,11473.0,11479.6,11327.2,11341.15,7753653.0,7758200000.000001
2015-06-24,11400.35,11409.75,11324.35,11353.75,11817301.0,10645200000.0
2015-06-25,11332.45,11332.7,11188.55,11210.4,14616477.0,12789700000.0
2015-06-26,11238.8,11388.45,11238.8,11362.55,9837711.0,8920300000.0
2015-06-29,11181.25,11230.2,10998.2,11133.65,17798757.0,12673000000.0
2015-06-30,11101.6,11144.2,11016.75,11037.4,20432617.0,14456800000.0
2015-07-01,11053.65,11239.75,11053.65,11213.6,11203755.0,9476400000.0
2015-07-02,11246.5,11247.5,11161.3,11187.25,7915388.0,7354700000.0
2015-07-03,11162.9,11214.65,11135.0,11198.65,6793457.0,5745100000.0
2015-07-06,11079.2,11239.0,11072.55,11209.6,7684659.0,6794400000.000001
2015-07-07,11216.55,11264.55,11126.2,11143.85,8057280.0,7524600000.0
2015-07-08,11079.95,11143.9,10980.05,11021.8,10958051.0,10742700000.0
2015-07-09,11043.65,11065.4,10808.35,10828.7,11055212.0,12299800000.0
2015-07-10,10950.25,10950.25,10759.85,10798.25,12483008.0,16944500000.0
2015-07-13,10840.65,11011.65,10840.65,10998.85,9446174.0,9475100000.0
2015-07-14,11024.4,11067.55,10945.05,11043.85,7884734.0,7756300000.0
2015-07-15,11050.5,11165.5,11050.5,11150.25,8269479.0,8223400000.0
2015-07-16,11191.15,11218.75,11123.15,11191.6,8500008.0,7890500000.0
2015-07-17,11239.7,11306.4,11227.4,11269.2,10570702.0,8760700000.0
2015-07-20,11270.4,11307.9,11197.85,11266.95,8618661.0,7647300000.0
2015-07-21,11366.6,11798.2,11366.6,11655.45,27720978.0,28376000000.0
2015-07-22,11647.5,11687.2,11509.15,11643.75,11766775.0,12065200000.0
2015-07-23,11640.65,11719.05,11537.7,11558.7,11732414.0,11571900000.0
2015-07-24,11568.85,11588.9,11452.25,11464.15,9525365.0,8807100000.0
2015-07-27,11437.55,11438.0,11342.5,11362.45,12162185.0,11444100000.0
2015-07-28,11378.8,11432.45,11283.7,11306.25,15300982.0,13257900000.0
2015-07-29,11369.45,11494.85,11330.65,11470.7,10386211.0,11006300000.000002
2015-07-30,11530.3,11539.45,11365.05,11394.55,17524742.0,16623699999.999998
2015-07-31,11434.9,11622.2,11434.9,11594.15,10516985.0,11266400000.000002
2015-08-03,11490.6,11572.6,11441.5,11466.4,10341354.0,11012000000.0
2015-08-04,11480.7,11489.15,11379.15,11415.55,11885605.0,12514300000.0
2015-08-05,11470.2,11632.2,11460.0,11618.0,8826022.0,8191500000.0
2015-08-06,11698.9,11739.1,11576.25,11616.5,9179852.0,10206300000.0
2015-08-07,11604.45,11663.6,11580.35,11597.05,7127683.0,7772400000.0
2015-08-10,11623.1,11696.85,11500.4,11573.9,5893113.0,6810000000.0
2015-08-11,11637.25,11740.85,11605.9,11711.15,9042485.0,10105300000.0
2015-08-12,11731.7,12026.05,11731.7,12006.8,14684514.0,16192600000.0
2015-08-13,12029.5,12092.05,11916.3,11956.1,11503549.0,11826600000.0
2015-08-14,11968.3,12129.0,11961.1,12048.45,8163202.0,9297400000.0
2015-08-17,12057.65,12058.05,11920.25,12001.75,5813559.0,5649299999.999999
2015-08-18,12068.35,12250.1,12060.15,12159.4,8733323.0,9533100000.0
2015-08-19,12215.55,12314.4,12165.4,12249.1,9509622.0,10610900000.0
2015-08-20,12269.5,12269.5,11969.3,11985.25,11525076.0,12592900000.0
2015-08-21,12009.8,12102.8,11825.05,12032.3,13519573.0,16142700000.0
2015-08-24,11750.45,11797.95,11393.0,11455.15,18489060.0,20577100000.0
2015-08-25,11524.85,11615.5,11140.8,11376.75,18912332.0,19658900000.0
2015-08-26,11395.5,11548.85,11172.2,11284.1,15743530.0,16443800000.000002
2015-08-27,11438.7,11476.8,11351.05,11396.9,19464261.0,21785900000.0
2015-08-28,11545.3,11645.05,11534.85,11588.25,10260637.0,11550000000.0
2015-08-31,11691.65,11691.65,11537.65,11605.7,14353599.0,16212500000.0
2015-09-01,11563.55,11712.5,11391.7,11476.45,10913875.0,12543300000.0
2015-09-02,11563.95,11752.1,11510.9,11604.7,13877743.0,15796199999.999998
2015-09-03,11679.5,11722.8,11565.1,11672.85,10152727.0,11184200000.0
2015-09-04,11689.8,11695.8,11392.95,11413.6,10137864.0,10997800000.0
2015-09-07,11445.35,11451.1,11264.7,11318.3,7491038.0,7888099999.999999
2015-09-08,11331.65,11452.95,11279.2,11390.1,7477071.0,8102000000.0
2015-09-09,11554.45,11604.15,11446.35,11504.9,9610428.0,10650300000.0
2015-09-10,11439.45,11468.95,11292.2,11396.95,10971745.0,12057500000.0
2015-09-11,11445.65,11519.75,11381.35,11432.25,9739475.0,10492800000.0
2015-09-14,11482.4,11527.75,11405.35,11520.3,11970821.0,11569000000.0
2015-09-15,11524.4,11545.3,11475.25,11536.35,8281022.0,8479600000.0
2015-09-16,11614.7,11659.0,11563.75,11606.65,9333693.0,9981900000.0
2015-09-18,11694.95,11801.9,11666.85,11726.7,14942207.0,15353000000.0
2015-09-21,11659.85,11752.85,11643.25,11724.05,7953850.0,7641400000.0
2015-09-22,11790.5,11941.8,11615.7,11705.55,13419167.0,13958400000.0
2015-09-23,11659.9,11753.6,11586.9,11694.0,7367175.0,7690700000.000001
2015-09-24,11710.75,11971.65,11677.7,11954.1,14445662.0,16717400000.0
2015-09-28,11989.3,12008.0,11819.2,11841.05,10087911.0,11629400000.0
2015-09-29,11768.65,11963.2,11749.25,11863.95,11648411.0,13622400000.0
2015-09-30,12010.75,12055.8,11904.05,12032.1,13509491.0,15109600000.0
2015-10-01,11877.85,11998.7,11769.5,11867.85,26288267.0,25906800000.0
2015-10-05,11867.45,12057.1,11867.45,12002.1,16800233.0,19103800000.0
2015-10-06,12057.45,12077.95,11865.25,11889.9,13524583.0,16175200000.0
2015-10-07,11878.35,11904.5,11660.7,11683.45,15333772.0,15796400000.000002
2015-10-08,11753.85,11802.15,11625.65,11669.7,17897751.0,18086800000.0
2015-10-09,11734.3,11827.5,11676.15,11807.55,15125896.0,16334800000.0
2015-10-12,11972.1,12019.05,11571.75,11630.65,21238152.0,24456300000.0
2015-10-13,11595.85,11603.9,11452.3,11522.6,16373500.0,21069600000.0
2015-10-14,11435.3,11479.4,11347.65,11362.9,12980966.0,18742700000.0
2015-10-15,11407.55,11411.4,11310.45,11338.35,11632842.0,12995100000.0
2015-10-16,11392.55,11402.5,11301.1,11337.8,10989166.0,11769600000.0
2015-10-19,11360.4,11469.2,11305.85,11432.15,13238516.0,14178400000.0
2015-10-20,11465.05,11539.25,11436.65,11529.6,11787811.0,13049800000.0
2015-10-21,11552.6,11583.45,11501.05,11549.05,9019619.0,9814900000.0
2015-10-23,11588.0,11588.2,11494.15,11552.0,9686270.0,10325300000.0
2015-10-26,11597.9,11612.7,11537.1,11576.35,7032459.0,7421300000.0
2015-10-27,11570.3,11601.25,11533.05,11583.55,9938684.0,9761600000.0
2015-10-28,11546.05,11664.95,11537.3,11643.3,9103066.0,9023500000.0
2015-10-29,11644.05,11644.05,11523.95,11548.15,15019766.0,15486900000.0
2015-10-30,11549.75,11559.35,11467.9,11486.9,9332157.0,9302200000.0
2015-11-02,11497.95,11560.6,11428.1,11546.25,8710084.0,8150599999.999999
2015-11-03,11576.0,11627.85,11565.0,11618.4,7567658.0,7548600000.0
2015-11-04,11680.15,11688.65,11535.95,11551.6,9660090.0,8306300000.0
2015-11-05,11573.1,11573.1,11397.5,11414.45,6980714.0,7088900000.0
2015-11-06,11424.2,11515.65,11422.95,11485.45,6480847.0,6426400000.0
2015-11-09,11364.55,11427.95,11320.95,11412.15,10126396.0,10092000000.0
2015-11-10,11385.7,11387.85,11191.9,11214.2,6966686.0,7369200000.0
2015-11-11,11305.2,11312.3,11230.4,11249.7,795240.0,827200000.0
2015-11-13,11110.75,11176.75,11027.1,11102.45,6927725.0,8085599999.999999
2015-11-16,11011.5,11061.6,10911.1,11003.8,8864946.0,9172700000.0
2015-11-17,11032.45,11052.4,10974.55,11035.1,10917373.0,10768800000.000002
2015-11-18,10967.75,10969.5,10799.0,10836.7,10167296.0,10129200000.0
2015-11-19,10910.5,11059.85,10893.75,11032.9,9850813.0,10086300000.0
2015-11-20,11045.65,11195.75,11036.9,11118.85,10781657.0,10713800000.000002
2015-11-23,11126.25,11189.5,11084.35,11121.2,8727231.0,8513000000.0
2015-11-24,11096.4,11122.05,11036.05,11057.35,7784549.0,7501700000.0
2015-11-26,11048.4,11129.25,11013.9,11042.95,15045631.0,14925400000.0
2015-11-27,11064.6,11136.4,11031.45,11122.9,7402279.0,7693000000.0
2015-11-30,11147.85,11279.65,11083.6,11206.0,21067524.0,21548700000.0
2015-12-01,11216.95,11293.2,11216.95,11256.3,9112940.0,9271000000.0
2015-12-02,11298.9,11298.9,11134.9,11149.6,7524996.0,8086300000.0
2015-12-03,11149.3,11153.7,11067.55,11081.9,9384540.0,9792900000.0
2015-12-04,11034.65,11037.95,10940.3,10969.05,10062731.0,9755500000.0
2015-12-07,11009.5,11054.0,10943.85,10998.65,8477753.0,8108600000.0
2015-12-08,10989.2,11109.3,10946.0,10981.85,8486760.0,8256700000.0
2015-12-09,10978.25,11027.3,10916.25,10930.05,11006038.0,13524000000.0
2015-12-10,10971.55,11073.15,10931.15,11055.5,7908231.0,8326600000.0
2015-12-11,11086.55,11086.55,11015.6,11043.05,8502528.0,9019600000.0
2015-12-14,10940.75,11124.9,10940.75,11099.7,7044052.0,8280500000.0
2015-12-15,11139.55,11139.55,11044.35,11058.25,9065922.0,8154000000.0
2015-12-16,11081.75,11187.85,11081.75,11144.9,8751937.0,8490500000.0
2015-12-17,11182.95,11293.05,11122.45,11275.15,9556916.0,9097200000.0
2015-12-18,11227.15,11227.15,11094.8,11122.5,11781399.0,12224500000.0
2015-12-21,11096.4,11232.5,11067.2,11224.75,6043899.0,6415599999.999999
2015-12-22,11201.8,11201.8,11081.15,11095.45,5998230.0,6366300000.0
2015-12-23,11163.8,11206.4,11130.65,11195.65,4638075.0,4562900000.0
2015-12-24,11193.25,11197.5,11152.85,11184.9,2927864.0,3182700000.0
2015-12-28,11152.7,11303.05,11146.85,11271.8,8055590.0,10019000000.0
2015-12-29,11257.05,11287.5,11206.6,11253.45,6024174.0,6626200000.0
2015-12-30,11247.35,11263.6,11100.1,11117.6,6564991.0,7071900000.000001
2015-12-31,11113.0,11233.85,11113.0,11212.55,8197040.0,8590500000.0
2016-01-01,11210.25,11221.6,11137.85,11174.85,3126850.0,3190299999.9999995
2016-01-04,11144.0,11160.95,11004.65,11029.25,7875357.0,7677800000.0
2016-01-05,11082.6,11084.6,10945.2,10997.15,7909892.0,8598800000.0
2016-01-06,11027.55,11037.4,10979.45,11018.15,8585557.0,9187500000.0
2016-01-07,10947.75,10964.65,10822.7,10863.2,10454519.0,10666099999.999998
2016-01-08,10933.3,11007.5,10896.45,10989.55,7287266.0,7345900000.0
2016-01-11,10898.8,10917.45,10797.7,10823.9,9742884.0,10087000000.0
2016-01-12,10850.25,10850.25,10659.25,10790.35,9984443.0,10859800000.0
2016-01-13,10807.85,10860.4,10646.55,10839.85,11133904.0,13223100000.0
2016-01-14,10730.65,11068.9,10685.35,10980.45,23469653.0,25266200000.0
2016-01-15,11050.65,11057.7,10949.95,10994.95,14012251.0,15795700000.0
2016-01-18,10954.2,11084.4,10954.2,10984.0,11716225.0,12440400000.0
2016-01-19,11052.4,11064.8,10873.6,10963.1,12176980.0,11661199999.999998
2016-01-20,10897.8,10945.4,10855.2,10910.5,10426978.0,10155600000.0
2016-01-21,10957.95,10994.9,10893.35,10934.7,10558161.0,10773900000.000002
2016-01-22,11020.6,11030.65,10961.35,11006.7,7367656.0,7730800000.0
2016-01-25,11047.0,11113.8,11000.25,11025.35,6649189.0,6917600000.0
2016-01-27,11052.55,11061.8,10992.45,11029.1,10815699.0,10078700000.0
2016-01-28,11010.1,11073.75,10984.25,11002.7,13918783.0,14158200000.0
2016-01-29,11061.85,11266.75,11024.95,11236.15,17438592.0,16018800000.000002
2016-02-01,11271.15,11409.1,11234.8,11305.25,16768205.0,12623699999.999998
2016-02-02,11325.75,11377.95,11182.5,11242.1,19286309.0,15034600000.0
2016-02-03,11179.75,11218.45,11065.8,11122.25,12152041.0,9995200000.0
2016-02-04,11178.25,11289.8,11148.15,11213.65,10379772.0,9175500000.0
2016-02-05,11222.2,11285.1,11188.45,11227.55,8207885.0,7606700000.0
2016-02-08,11160.85,11190.35,10962.8,11001.45,7344448.0,6733900000.0
2016-02-09,10866.2,10866.2,10590.1,10614.25,14971950.0,12649400000.0
2016-02-10,10614.3,10693.9,10570.65,10600.45,13147364.0,10600800000.0
2016-02-11,10615.35,10615.35,10279.7,10312.95,12495553.0,10256700000.0
2016-02-12,10404.6,10462.9,10157.1,10324.45,17610027.0,12878400000.0
2016-02-15,10446.25,10544.45,10437.0,10493.75,12549138.0,10278100000.0
2016-02-16,10487.4,10511.4,10393.6,10418.65,8993279.0,7805100000.0
2016-02-17,10429.35,10518.25,10325.25,10502.45,17356929.0,11937000000.0
2016-02-18,10554.55,10723.4,10554.45,10702.25,16150256.0,11952500000.0
2016-02-19,10670.75,10791.05,10649.75,10768.9,10428901.0,7878300000.0
2016-02-22,10778.8,10778.8,10691.35,10720.6,9168828.0,7649299999.999999
2016-02-23,10721.4,10729.6,10575.15,10601.45,8340937.0,6771400000.0
2016-02-24,10581.0,10586.05,10446.4,10468.05,8531990.0,7814000000.0
2016-02-25,10469.85,10484.95,10329.2,10403.5,10694119.0,9027500000.0
2016-02-26,10488.45,10567.95,10419.0,10463.35,9415436.0,7901799999.999999
2016-02-29,10504.4,10504.4,10075.75,10278.4,12161703.0,11307000000.0
2016-03-01,10337.95,10657.1,10313.5,10637.35,10385527.0,9686000000.0
2016-03-02,10740.45,10920.9,10642.05,10897.1,12342461.0,11099500000.0
2016-03-03,10982.0,11089.45,10950.85,11054.95,20107981.0,17212600000.0
2016-03-04,11086.1,11088.1,10930.95,10980.85,23086012.0,19087300000.0
2016-03-08,10928.4,10977.3,10832.25,10914.2,22893639.0,19473200000.0
2016-03-09,10815.05,10947.7,10733.2,10925.8,34104849.0,25599200000.0
2016-03-10,10923.75,10924.8,10783.05,10826.9,30038742.0,27125200000.0
2016-03-11,10825.9,10898.7,10805.75,10835.45,14674310.0,12107600000.0
2016-03-14,10854.2,10935.65,10836.95,10866.85,14231291.0,11037100000.0
2016-03-15,10867.65,10900.25,10709.0,10730.45,11141197.0,10137300000.0
2016-03-16,10733.7,10819.35,10698.7,10803.2,10671044.0,9693600000.0
2016-03-17,10854.0,10961.65,10854.0,10923.5,14035701.0,12463900000.000002
2016-03-18,10938.05,11177.25,10938.05,11159.7,17103977.0,15684400000.0
2016-03-21,11158.95,11221.8,11093.6,11193.85,10929640.0,10538699999.999998
2016-03-22,11171.9,11229.25,11118.5,11206.6,19527945.0,16733200000.0
2016-03-23,11219.7,11246.0,11125.1,11228.15,17617607.0,16038599999.999998
2016-03-28,11328.15,11384.9,11112.85,11168.7,20401896.0,19613100000.0
2016-03-29,11172.8,11188.65,11089.0,11114.7,14642638.0,13261199999.999998
2016-03-30,11127.5,11271.7,11127.5,11254.55,14607256.0,13087500000.0
2016-03-31,11240.6,11387.9,11216.45,11309.3,28703814.0,28019000000.0
2016-04-01,11306.35,11352.05,11128.05,11194.65,13591384.0,13348900000.000002
2016-04-04,11224.9,11407.45,11224.9,11387.7,10746882.0,10372000000.0
2016-04-05,11386.55,11399.05,11245.5,11274.95,9810804.0,9715600000.0
2016-04-06,11325.1,11325.1,11165.25,11224.95,9646638.0,9035500000.0
2016-04-07,11264.6,11264.6,11087.2,11102.6,8675441.0,9351400000.0
2016-04-08,11082.25,11085.65,11028.15,11061.15,9261058.0,8290300000.0
2016-04-11,11066.25,11304.65,10975.15,11291.35,13319300.0,13147600000.0
2016-04-12,11284.0,11332.85,11243.75,11304.45,11757296.0,11092100000.0
2016-04-13,11412.1,11430.95,11330.5,11351.85,14301422.0,14640100000.0
2016-04-18,11493.5,11638.1,11485.15,11597.25,27146780.0,32555600000.0
2016-04-20,11697.4,11697.4,11506.15,11552.75,17857029.0,20167800000.0
2016-04-21,11500.45,11514.5,11329.9,11355.4,13926801.0,12655200000.0
2016-04-22,11326.55,11376.05,11292.4,11304.05,10321425.0,9809500000.0
2016-04-25,11288.7,11380.55,11267.1,11315.45,8852971.0,9522000000.0
2016-04-26,11292.35,11444.35,11251.35,11417.35,10029117.0,10676900000.0
2016-04-27,11398.9,11507.75,11398.9,11453.0,8807962.0,9343600000.0
2016-04-28,11350.15,11428.65,11265.7,11287.15,26615952.0,26370900000.0
2016-04-29,11269.1,11279.25,11140.55,11196.25,17856349.0,15980300000.0
2016-05-02,11181.15,11181.15,11075.95,11117.7,8245605.0,7637400000.0
2016-05-03,11129.9,11167.9,10909.95,10925.7,12701121.0,12155500000.0
2016-05-04,10913.75,10969.6,10858.8,10948.6,13630944.0,12100900000.0
2016-05-05,10966.75,11024.15,10909.6,10973.85,11557528.0,10608100000.0
2016-05-06,10960.1,10960.1,10846.65,10887.0,9008153.0,7502700000.0
2016-05-09,10900.1,11006.5,10884.05,10991.5,10704177.0,10288500000.0
2016-05-10,11010.25,11065.7,10948.75,11034.4,11025224.0,9245800000.0
2016-05-11,10926.85,11030.3,10900.4,10960.4,11881912.0,10417200000.0
2016-05-12,10967.35,11089.8,10955.6,11081.1,8100065.0,7618099999.999999
2016-05-13,11081.3,11081.3,10986.2,11030.7,10936677.0,10327400000.0
2016-05-16,11063.1,11134.3,11030.05,11087.75,8453249.0,7647700000.0
2016-05-17,11126.75,11197.35,11101.25,11125.1,9819119.0,9311900000.0
2016-05-18,11073.55,11141.5,11038.25,11120.05,9019440.0,8438600000.0
2016-05-19,11124.8,11136.7,11067.2,11094.6,7759823.0,7050100000.0
2016-05-20,11067.0,11149.15,11025.7,11036.15,10263214.0,9216400000.0
2016-05-23,11080.4,11080.4,10917.15,10939.9,13950324.0,12190800000.0
2016-05-24,10946.5,10946.5,10868.15,10924.8,14221089.0,11159200000.0
2016-05-25,11019.05,11223.4,11019.05,11215.5,20906137.0,14875800000.0
2016-05-26,11231.85,11366.05,11178.25,11337.15,15792493.0,13805600000.0
2016-05-27,11325.7,11462.05,11325.7,11420.85,11321580.0,10449600000.0
2016-05-30,11433.95,11579.25,11433.95,11547.5,10232578.0,9449300000.0
2016-05-31,11554.65,11559.45,11374.85,11395.85,32132052.0,29581900000.0
2016-06-01,11405.5,11516.0,11405.5,11494.9,10787515.0,10577900000.0
2016-06-02,11447.05,11586.2,11399.45,11458.2,13948173.0,12073699999.999998
2016-06-03,11482.05,11527.0,11450.25,11462.0,8743264.0,8325599999.999999
2016-06-06,11443.5,11469.15,11382.75,11395.8,10312241.0,9142600000.0
2016-06-07,11434.6,11461.25,11384.45,11413.35,11928792.0,10330600000.0
2016-06-08,11427.15,11427.15,11380.9,11404.5,10442067.0,10258000000.0
2016-06-09,11413.3,11413.3,11215.95,11264.85,14935866.0,14617000000.0
2016-06-10,11226.45,11320.4,11210.6,11229.05,12821894.0,11805000000.0
2016-06-13,11164.15,11214.2,11111.7,11191.55,8343619.0,7802100000.0
2016-06-14,11210.65,11222.35,11110.75,11169.45,6907602.0,6173200000.000001
2016-06-15,11195.95,11293.15,11172.6,11282.05,6976940.0,7577200000.0
2016-06-16,11249.7,11263.5,11128.95,11244.25,7378522.0,7236500000.0
2016-06-17,11258.65,11304.8,11242.55,11290.8,12449933.0,12368500000.0
2016-06-20,11272.95,11518.7,11256.65,11506.6,12629155.0,12029500000.0
2016-06-21,11515.25,11519.9,11453.2,11488.45,8232500.0,7741500000.0
2016-06-22,11509.05,11524.3,11421.55,11490.8,7632195.0,7527400000.0
2016-06-23,11469.35,11526.4,11396.75,11487.05,6471630.0,6657200000.0
2016-06-24,11193.25,11218.3,11043.1,11203.15,14923291.0,15035400000.0
2016-06-27,11069.9,11094.8,10976.8,11008.05,9687213.0,11576800000.0
2016-06-28,10978.6,11031.5,10874.6,10884.65,13377522.0,14638599999.999998
2016-06-29,10943.3,11072.3,10900.95,11057.4,10849342.0,10712500000.0
2016-06-30,11109.7,11156.4,11052.25,11120.15,15207257.0,16993300000.0
2016-07-01,11172.65,11178.05,11078.45,11098.4,6452096.0,7333800000.0
2016-07-04,11142.25,11242.3,11142.25,11184.85,8314465.0,8538099999.999999
2016-07-05,11176.2,11176.2,11110.6,11141.0,6851493.0,7012200000.0
2016-07-07,11136.3,11138.45,10929.4,10942.0,11522480.0,12074200000.0
2016-07-08,10947.95,10982.95,10896.9,10946.7,7468140.0,8372600000.0
2016-07-11,10993.85,11073.4,10992.55,11045.95,9190711.0,9032600000.0
2016-07-12,11064.4,11072.3,10997.3,11056.8,8392487.0,8312800000.0
2016-07-13,11094.2,11139.0,11042.95,11128.2,10579802.0,10229900000.0
2016-07-14,11117.35,11174.6,11090.8,11157.85,8660653.0,10018700000.0
2016-07-15,11197.85,11219.05,10691.7,10716.45,45101876.0,49773500000.0
2016-07-18,10734.5,10767.85,10659.8,10735.1,15727643.0,15283200000.0
2016-07-19,10694.95,10777.6,10694.0,10766.3,17825899.0,15264000000.0
2016-07-20,10600.75,10775.8,10600.75,10764.7,21106183.0,16998400000.0
2016-07-21,10749.75,10789.25,10719.8,10772.25,10356504.0,10719400000.0
2016-07-22,10745.55,10775.2,10711.5,10756.0,10295518.0,9776200000.0
2016-07-25,10734.1,10880.4,10731.2,10870.9,10178345.0,9935300000.0
2016-07-26,10839.5,10901.1,10836.8,10877.65,12775441.0,11511600000.0
2016-07-27,10875.45,10952.65,10849.3,10928.45,9688082.0,9406800000.0
2016-07-28,10923.1,10952.7,10881.3,10935.65,16448508.0,17483800000.0
2016-07-29,10916.9,10952.75,10871.95,10913.3,10417913.0,10686600000.0
2016-08-01,10917.7,11149.55,10913.5,11139.05,16985063.0,16734000000.0
2016-08-02,11129.45,11231.95,11112.45,11179.0,17569285.0,15241000000.0
2016-08-03,11307.05,11307.05,11143.1,11181.4,20039262.0,17957200000.0
2016-08-04,11226.45,11229.05,11128.65,11148.45,8136329.0,7489000000.0
2016-08-05,11177.35,11226.5,11091.8,11137.05,10253491.0,9559400000.0
2016-08-08,11136.1,11205.0,11122.15,11197.2,11939491.0,10303100000.0
2016-08-09,11207.7,11214.95,11128.95,11198.0,11050924.0,10685100000.0
2016-08-10,11184.25,11202.2,11152.1,11175.9,11234996.0,10096400000.0
2016-08-11,11173.3,11254.2,11170.6,11222.2,9725914.0,9568100000.0
2016-08-12,11218.7,11302.4,11153.45,11173.4,12677589.0,11732000000.0
2016-08-16,11121.95,11136.05,10955.65,10993.55,20601765.0,19149200000.0
2016-08-17,10992.95,10993.95,10790.6,10808.75,18045681.0,13419800000.0
2016-08-18,10855.55,10887.75,10765.95,10783.5,12057371.0,10876600000.0
2016-08-19,10807.3,10873.15,10721.9,10727.6,12486590.0,10651700000.0
2016-08-22,10704.65,10728.8,10568.45,10593.2,11859697.0,11351199999.999998
2016-08-23,10610.4,10790.85,10599.55,10767.1,10969968.0,9556300000.0
2016-08-24,10792.95,10845.7,10753.25,10786.35,9244092.0,7904700000.0
2016-08-25,10824.75,10826.15,10649.7,10665.65,18239899.0,13132000000.0
2016-08-26,10680.3,10717.65,10495.2,10523.05,13551428.0,10396700000.0
2016-08-29,10548.95,10548.95,10329.45,10385.35,13822195.0,10147900000.0
2016-08-30,10422.65,10585.1,10411.75,10572.3,12600693.0,9566000000.0
2016-08-31,10593.75,10654.2,10496.3,10546.1,16159602.0,15215200000.0
2016-09-01,10570.1,10583.3,10499.6,10533.25,8952600.0,7194800000.0
2016-09-02,10549.35,10555.7,10482.7,10528.35,8173693.0,7037200000.0
2016-09-06,10524.05,10558.35,10505.6,10545.3,15984697.0,12927600000.0
2016-09-07,10605.85,10643.5,10468.75,10499.9,15598656.0,14230300000.0
2016-09-08,10349.75,10349.75,10159.7,10240.5,19920113.0,19427100000.0
2016-09-09,10253.75,10356.05,10217.1,10291.9,11730346.0,10104100000.0
2016-09-12,10194.65,10413.3,10182.25,10374.95,12401851.0,10454100000.0
2016-09-14,10400.3,10440.15,10291.35,10302.85,11040797.0,9279600000.0
2016-09-15,10340.25,10341.2,10255.55,10289.5,9601439.0,8836900000.0
2016-09-16,10347.5,10439.1,10285.8,10399.25,16541994.0,15600300000.0
2016-09-19,10386.2,10531.6,10353.65,10463.4,12370671.0,11000600000.0
2016-09-20,10469.2,10469.2,10387.25,10426.7,9119056.0,7272200000.0
2016-09-21,10450.45,10485.85,10425.9,10456.5,10100721.0,8165300000.0
2016-09-22,10508.2,10511.65,10376.05,10397.15,9854317.0,8867000000.0
2016-09-23,10426.1,10446.9,10376.8,10391.05,12173246.0,9934000000.0
2016-09-26,10382.0,10390.15,10314.6,10330.0,10774105.0,9217800000.0
2016-09-27,10324.7,10425.5,10322.5,10397.0,12270567.0,10214400000.0
2016-09-28,10402.2,10418.75,10335.65,10360.45,9865164.0,8418500000.0
2016-09-29,10410.65,10412.6,10228.05,10257.8,21656504.0,17040400000.0
2016-09-30,10300.35,10336.8,10279.85,10292.3,14445499.0,11270600000.0
2016-10-03,10331.15,10340.3,10239.95,10309.85,9457289.0,7709400000.000001
2016-10-04,10347.1,10403.25,10328.55,10394.3,11593100.0,9091500000.0
2016-10-05,10405.65,10418.7,10287.4,10333.35,8507322.0,5746900000.000001
2016-10-06,10353.9,10354.6,10229.9,10242.45,10270123.0,8350800000.0
2016-10-07,10253.05,10254.05,10146.0,10184.25,9585050.0,8022300000.0
2016-10-10,10193.05,10285.15,10160.45,10270.95,7733808.0,6809600000.0
2016-10-13,10218.5,10296.8,10196.95,10243.75,18099251.0,16660000000.0
2016-10-14,10239.2,10442.0,10116.7,10228.65,33012040.0,32242199999.999996
2016-10-17,10268.65,10270.25,10140.55,10158.75,13343414.0,11002500000.0
2016-10-18,10202.55,10397.15,10191.65,10377.15,18378306.0,12224800000.0
2016-10-19,10397.3,10433.75,10338.15,10411.1,16981044.0,10960300000.0
2016-10-20,10431.5,10464.2,10357.5,10372.95,14202020.0,8448900000.0
2016-10-21,10408.65,10483.45,10376.95,10477.1,17804005.0,12074900000.0
2016-10-24,10445.35,10448.0,10317.4,10327.65,14554645.0,9175600000.0
2016-10-25,10322.7,10331.85,10254.05,10261.4,14983936.0,10768300000.0
2016-10-26,10253.4,10254.55,10128.6,10157.35,11263723.0,8024299999.999999
2016-10-27,10130.8,10130.8,10027.25,10052.85,18671691.0,15030700000.0
2016-10-28,10088.05,10119.25,10032.5,10048.4,24655817.0,15929000000.0
2016-10-30,10086.6,10111.45,10073.85,10082.7,1431970.0,981300000.0
2016-11-01,10109.2,10109.2,9969.8,9990.6,13418188.0,11196000000.0
2016-11-02,9903.8,9933.55,9861.15,9871.25,12161987.0,9659300000.0
2016-11-03,9868.35,9886.65,9793.85,9809.75,10977148.0,8349200000.0
2016-11-04,9813.45,9940.1,9736.75,9924.05,18414597.0,12053300000.0
2016-11-07,9997.1,10034.15,9920.95,9970.0,16797953.0,12052800000.0
2016-11-08,9996.2,10045.5,9891.0,10008.4,14174311.0,10023000000.0
2016-11-09,9467.65,9826.35,9320.95,9683.25,21456312.0,17529300000.0
2016-11-10,9803.2,9813.15,9636.15,9654.75,13296041.0,10611000000.0
2016-11-11,9615.85,9633.3,9391.55,9434.6,13296849.0,10838900000.000002
2016-11-15,9478.5,9565.85,9295.25,9487.0,27234569.0,20936900000.0
2016-11-16,9559.15,9724.7,9543.2,9641.0,23586542.0,17935100000.0
2016-11-17,9608.95,9678.75,9476.1,9496.2,12929942.0,10139900000.0
2016-11-18,9497.8,9560.9,9419.6,9476.45,10571616.0,8516400000.0
2016-11-21,9500.0,9553.7,9430.4,9453.75,12187155.0,9185200000.0
2016-11-22,9492.35,9566.7,9471.2,9509.45,10320661.0,7296000000.0
2016-11-23,9559.1,9571.55,9484.45,9549.85,11234249.0,8630900000.0
2016-11-24,9561.4,9726.5,9518.9,9656.25,18981651.0,16590900000.0
2016-11-25,9709.15,10140.65,9696.65,10114.9,21789062.0,20308600000.0
2016-11-28,10126.7,10171.8,10001.5,10106.2,12490536.0,10632800000.0
2016-11-29,10099.65,10149.8,10043.2,10059.6,9368688.0,7701600000.0
2016-11-30,10086.55,10139.95,10011.45,10087.65,14229629.0,12857900000.0
2016-12-01,10090.0,10108.8,10002.4,10049.75,9518941.0,7487100000.0
2016-12-02,10018.15,10061.2,9898.9,9922.75,9513403.0,8425700000.000001
2016-12-05,9908.3,9946.9,9778.95,9836.0,8242545.0,7497000000.0
2016-12-06,9850.9,9946.75,9808.35,9834.95,7018872.0,6468000000.0
2016-12-07,9865.65,9871.7,9764.2,9777.9,8046891.0,7224200000.0
2016-12-08,9819.9,9947.4,9819.65,9935.9,9564747.0,9456400000.0
2016-12-09,9961.95,10059.95,9925.85,9997.5,12004522.0,10314600000.0
2016-12-12,9960.3,9971.25,9846.2,9953.9,8348374.0,8187900000.0
2016-12-13,9983.7,10082.15,9929.85,10058.65,10363616.0,8874700000.0
2016-12-14,10091.55,10150.95,10044.15,10128.95,11850616.0,9295500000.0
2016-12-15,10099.05,10299.8,10091.6,10195.75,16986840.0,14940200000.0
2016-12-16,10265.65,10268.7,10188.25,10222.95,10931162.0,9276100000.0
2016-12-19,10213.45,10234.05,10153.8,10223.65,7460302.0,6359299999.999999
2016-12-20,10239.85,10352.65,10224.45,10322.85,11510080.0,11005600000.0
2016-12-21,10357.3,10357.3,10207.25,10228.25,9569302.0,8782600000.0
2016-12-22,10210.25,10251.2,10084.25,10163.0,9432930.0,8653400000.0
2016-12-23,10162.4,10187.25,10048.85,10071.05,9770830.0,8379900000.0
2016-12-26,10028.9,10065.75,9979.6,10023.3,5510950.0,4446000000.0
2016-12-27,9997.0,10188.65,9994.95,10170.7,7812402.0,6465800000.0
2016-12-28,10203.85,10301.1,10177.4,10198.6,10320156.0,8102500000.0
2016-12-29,10194.15,10314.35,10183.4,10291.85,13889741.0,10970800000.0
2016-12-30,10325.35,10416.6,10304.65,10399.25,9966961.0,8624000000.0
2017-01-02,10403.0,10434.1,10353.65,10367.05,5366213.0,4188399999.9999995
2017-01-03,10386.6,10390.9,10291.25,10362.25,8413396.0,7458500000.0
2017-01-04,10368.15,10517.55,10364.0,10496.9,11978446.0,10049900000.0
2017-01-05,10539.75,10590.05,10379.3,10400.05,23534557.0,15695800000.0
2017-01-06,10352.8,10372.9,10063.35,10110.4,26296599.0,19354100000.0
2017-01-09,10070.65,10214.2,10023.65,10198.45,17060520.0,12509800000.0
2017-01-10,10232.55,10255.85,10184.35,10221.5,13114211.0,11169400000.0
2017-01-11,10238.05,10282.2,10154.5,10220.55,14041555.0,11864700000.0
2017-01-12,10237.45,10410.8,10236.0,10398.8,14364865.0,12964000000.0
2017-01-13,10504.05,10551.4,10217.45,10263.5,29658962.0,32280500000.0
2017-01-16,10223.05,10223.05,10137.0,10173.1,13731359.0,12924700000.0
2017-01-17,10166.85,10275.0,10166.4,10206.8,10831603.0,10077200000.0
2017-01-18,10217.5,10270.5,10208.85,10231.55,12811228.0,12820500000.0
2017-01-19,10223.05,10251.8,10174.5,10222.15,15253658.0,11892000000.0
2017-01-20,10165.5,10192.7,10113.2,10132.65,12105046.0,10395200000.0
2017-01-23,10060.65,10234.65,10029.3,10219.4,12308496.0,10687900000.0
2017-01-24,10186.5,10213.7,10133.15,10201.6,12814924.0,11139000000.0
2017-01-25,10221.65,10239.5,10154.75,10164.45,18092547.0,16427800000.0
2017-01-27,10144.2,10212.55,10100.85,10181.85,15175889.0,12982100000.0
2017-01-30,10114.35,10195.7,10065.05,10170.65,17444549.0,13565400000.0
2017-01-31,10158.2,10158.2,9620.45,9848.5,33852264.0,27049000000.0
2017-02-01,9811.1,9831.05,9592.25,9750.0,21595107.0,19485000000.0
2017-02-02,9753.55,9989.2,9681.75,9926.0,18596022.0,17929600000.0
2017-02-03,9927.35,10058.8,9863.65,10025.8,12561634.0,10484500000.0
2017-02-06,10076.55,10093.15,9954.55,10029.05,14415906.0,10811300000.000002
2017-02-07,10034.95,10042.15,9967.85,9997.95,13536718.0,10565100000.0
2017-02-08,9988.6,10071.65,9973.6,10007.05,11234369.0,9985900000.0
2017-02-09,10026.4,10186.1,10005.0,10167.9,21611792.0,17577500000.0
2017-02-10,10185.45,10432.95,10180.45,10387.85,24076474.0,20524899999.999996
2017-02-13,10402.15,10469.2,10340.4,10452.9,14919620.0,14564400000.0
2017-02-14,10462.35,10489.45,10423.75,10474.1,12233014.0,10735500000.0
2017-02-15,10464.05,10550.5,10318.95,10427.65,14827403.0,11224400000.0
2017-02-16,10488.95,10640.5,10488.95,10628.05,16900137.0,16575900000.0
2017-02-17,10674.2,10676.0,10483.9,10527.2,12491816.0,10298900000.000002
2017-02-20,10544.45,10740.3,10516.95,10671.2,12841691.0,11819000000.0
2017-02-21,10716.7,10801.6,10643.9,10680.75,20702866.0,18566700000.0
2017-02-22,10685.55,10692.95,10497.0,10514.8,17892218.0,15967700000.0
2017-02-23,10545.45,10737.35,10531.7,10689.65,25911240.0,21527100000.0
2017-02-27,10663.25,10776.65,10658.3,10706.7,13604527.0,10959100000.0
2017-02-28,10732.8,10759.4,10645.3,10680.95,41463487.0,25233700000.0
2017-03-01,10674.85,10777.6,10658.4,10748.05,9862993.0,7771700000.0
2017-03-02,10779.65,10806.95,10717.0,10741.6,9013275.0,7348099999.999999
2017-03-03,10701.35,10819.3,10657.7,10806.2,10530658.0,8302800000.0
2017-03-06,10736.8,10812.65,10706.75,10779.05,9142773.0,8039700000.0
2017-03-07,10794.3,10820.1,10750.9,10799.1,16016534.0,11483900000.000002
2017-03-08,10791.45,10793.5,10687.45,10739.45,13675595.0,11177800000.0
2017-03-09,10753.7,10757.7,10694.45,10724.75,10378206.0,8215300000.0
2017-03-10,10758.2,10821.85,10718.35,10749.85,11694965.0,8699400000.0
2017-03-14,10850.0,10927.3,10821.4,10879.25,15194367.0,13864700000.0
2017-03-15,10899.95,10905.95,10677.75,10696.55,14506124.0,12524300000.0
2017-03-16,10765.65,10838.15,10752.2,10822.1,17288661.0,13287800000.0
2017-03-17,10893.85,10920.35,10787.2,10900.75,20306626.0,17242800000.0
2017-03-20,10877.15,10879.45,10750.6,10776.75,13922746.0,12450100000.0
2017-03-21,10769.1,10823.7,10751.3,10787.2,16229840.0,14132000000.0
2017-03-22,10717.1,10831.75,10710.8,10783.3,12780055.0,10076500000.0
2017-03-23,10794.25,10863.85,10785.7,10850.8,14954510.0,11984200000.0
2017-03-24,10843.25,10851.45,10753.45,10768.95,12491155.0,12911500000.0
2017-03-27,10735.5,10787.2,10630.85,10648.5,12327827.0,10650400000.0
2017-03-28,10675.05,10749.1,10658.55,10681.05,12481812.0,8687100000.0
2017-03-29,10712.0,10761.05,10661.05,10741.25,14348282.0,11661900000.0
2017-03-30,10734.95,10767.8,10692.9,10730.75,20741773.0,17043300000.0
2017-03-31,10735.6,10752.35,10634.9,10703.25,17562780.0,15040700000.0
2017-04-03,10728.65,10732.85,10571.5,10592.0,9806177.0,7644600000.0
2017-04-05,10596.25,10597.2,10493.0,10510.3,14402806.0,12555600000.0
2017-04-06,10499.75,10545.6,10475.85,10538.15,11496350.0,10052800000.0
2017-04-07,10532.45,10568.8,10470.55,10485.75,13722779.0,11591600000.0
2017-04-10,10511.6,10542.7,10304.95,10338.15,15046330.0,12738599999.999998
2017-04-11,10341.55,10422.3,10332.45,10398.85,12461368.0,10831300000.000002
2017-04-12,10408.15,10420.35,10290.5,10323.45,10861311.0,7926900000.000001
2017-04-13,10339.85,10407.15,10034.6,10064.2,22985238.0,20937900000.0
2017-04-17,10045.4,10056.55,9975.45,10000.9,12398068.0,9779000000.0
2017-04-18,10021.15,10075.8,9964.65,9981.55,10552794.0,8379600000.0
2017-04-19,9925.25,10059.45,9901.65,9944.8,15730735.0,15372700000.0
2017-04-20,9965.8,10056.25,9948.95,10039.05,11563674.0,8116200000.0
2017-04-21,10083.5,10103.8,9978.5,10008.1,12520537.0,8142500000.0
2017-04-24,9979.8,10070.95,9938.6,10058.35,10060234.0,8276900000.000001
2017-04-25,10081.55,10113.0,10038.15,10091.25,13270711.0,10989300000.0
2017-04-26,10157.6,10162.65,9944.4,9966.75,25994847.0,16500700000.0
2017-04-27,9965.05,10045.5,9965.05,10012.35,18815065.0,17311600000.0
2017-04-28,10020.45,10023.7,9920.7,9943.7,11365771.0,9336200000.0
2017-05-02,10000.8,10042.85,9960.2,10006.35,10128926.0,7393400000.0
2017-05-03,10043.0,10151.35,9995.25,10131.05,10553768.0,9540300000.0
2017-05-04,10155.05,10170.0,10055.0,10106.5,8851111.0,8689200000.0
2017-05-05,10084.5,10101.95,10031.1,10086.3,8018893.0,6865700000.000001
2017-05-08,10113.8,10222.15,10085.6,10209.15,8496429.0,6372600000.0
2017-05-09,10246.0,10294.25,10211.4,10279.6,11780549.0,8870300000.0
2017-05-10,10283.35,10296.45,10183.8,10219.55,8024155.0,6030000000.0
2017-05-11,10293.3,10300.5,10216.3,10256.1,10286401.0,8854600000.0
2017-05-12,10275.6,10378.8,10264.4,10367.3,14606048.0,12672000000.0
2017-05-15,10399.7,10400.45,10293.4,10339.75,8650810.0,7934800000.0
2017-05-16,10364.4,10474.45,10356.55,10461.3,12655349.0,12475400000.0
2017-05-17,10461.0,10485.7,10371.55,10437.3,10857943.0,9491300000.0
2017-05-18,10382.4,10705.9,10371.7,10545.6,21675467.0,19377300000.0
2017-05-19,10565.75,10574.6,10410.3,10456.35,10034066.0,8341200000.0
2017-05-22,10486.8,10538.65,10454.95,10504.85,14746920.0,11192200000.0
2017-05-23,10535.9,10583.2,10480.75,10510.2,16446985.0,12739200000.0
2017-05-24,10510.95,10536.15,10444.2,10509.2,13506148.0,11558400000.0
2017-05-25,10568.15,10761.05,10546.9,10738.35,21426646.0,18597700000.0
2017-05-26,10741.75,10792.75,10683.75,10735.4,10829389.0,8523000000.0
2017-05-29,10611.45,10633.3,10467.35,10568.3,26040520.0,14974300000.0
2017-05-30,10535.35,10627.25,10496.3,10609.0,9555114.0,6924500000.0
2017-05-31,10589.8,10617.45,10522.65,10549.1,17847773.0,13939000000.0
2017-06-01,10508.7,10625.35,10478.4,10574.7,11308693.0,8155599999.999999
2017-06-02,10598.5,10647.0,10564.1,10608.95,11121366.0,7992100000.0
2017-06-05,10608.85,10677.65,10585.7,10660.1,13753290.0,11544300000.0
2017-06-06,10749.4,11016.1,10733.65,10907.25,25759483.0,25853500000.0
2017-06-07,10930.4,10941.15,10533.15,10701.25,23294764.0,21469200000.0
2017-06-08,10684.8,10696.85,10520.95,10550.0,12610135.0,11422600000.0
2017-06-09,10484.3,10500.1,10373.1,10442.65,18319698.0,16102200000.0
2017-06-12,10412.5,10512.25,10314.4,10470.75,13867051.0,10928100000.0
2017-06-13,10389.3,10458.55,10318.95,10339.0,13481063.0,8044299999.999999
2017-06-14,10370.25,10375.6,10291.5,10366.1,15017176.0,10068900000.0
2017-06-15,10383.9,10385.1,10262.05,10278.0,12996011.0,10282500000.0
2017-06-16,10262.7,10326.95,10161.5,10189.5,15362329.0,12566300000.000002
2017-06-19,10214.15,10247.45,10162.0,10197.9,10991292.0,10334800000.0
2017-06-20,10220.1,10300.7,10177.3,10289.95,9812324.0,9099300000.0
2017-06-21,10289.2,10289.2,10191.7,10223.35,8488072.0,6722200000.0
2017-06-22,10255.75,10354.65,10167.1,10199.55,14288138.0,15793000000.0
2017-06-23,10226.25,10253.4,10155.85,10170.6,12771300.0,9240800000.0
2017-06-27,10160.0,10203.0,10045.1,10068.85,16056697.0,10470000000.0
2017-06-28,10100.65,10148.95,10060.65,10133.55,11170361.0,8526500000.0
2017-06-29,10183.3,10238.95,10105.9,10124.4,23244234.0,16816000000.0
2017-06-30,10098.55,10173.85,10071.55,10155.05,11412732.0,7973200000.000001
2017-07-03,10174.3,10209.95,10075.8,10189.85,12165229.0,8594800000.0
2017-07-04,10215.25,10256.55,10150.0,10213.4,13714901.0,9797600000.0
2017-07-05,10196.05,10196.05,10137.0,10160.65,11882910.0,7845500000.0
2017-07-06,10151.55,10198.2,10127.05,10148.9,10309284.0,6870599999.999999
2017-07-07,10125.65,10151.5,10073.95,10087.8,11991157.0,7954800000.0
2017-07-10,10214.3,10377.1,9946.35,10360.1,3287988.0,2683500000.0
2017-07-11,10333.3,10611.95,10333.3,10430.0,19757300.0,15945800000.0
2017-07-12,10440.7,10467.9,10385.65,10401.5,9840425.0,9091200000.0
2017-07-13,10428.1,10495.5,10394.95,10440.55,10353593.0,9480600000.0
2017-07-14,10442.55,10463.3,10306.8,10330.65,20911780.0,19645200000.0
2017-07-17,10371.7,10512.8,10356.95,10445.85,21174519.0,12632300000.0
2017-07-18,10455.15,10608.9,10454.95,10493.15,14006910.0,10165200000.0
2017-07-19,10506.75,10606.55,10494.05,10583.8,15810830.0,12210000000.0
2017-07-20,10587.45,10593.95,10474.85,10491.1,25467072.0,14318699999.999998
2017-07-21,10573.0,10726.1,10561.95,10711.55,28562397.0,14353699999.999998
2017-07-24,10734.15,10846.55,10734.05,10823.5,18100134.0,11672400000.0
2017-07-25,10813.6,10827.45,10738.5,10810.35,21747091.0,14383200000.0
2017-07-26,10810.7,10839.35,10752.3,10782.95,73860059.0,17125100000.0
2017-07-27,10795.1,10905.2,10577.95,10612.3,34087930.0,25075500000.0
2017-07-28,10627.5,10722.7,10511.1,10699.45,16165831.0,12295900000.0
2017-07-31,10665.3,10802.4,10637.8,10755.75,19192516.0,15957100000.0
2017-08-01,10808.1,10887.8,10767.4,10801.85,25587509.0,14668699999.999998
2017-08-02,10806.8,10836.65,10702.3,10727.35,13166676.0,7970100000.0
2017-08-03,10736.5,10762.5,10672.75,10682.5,15166402.0,9704300000.0
2017-08-04,10695.15,10771.85,10681.65,10757.95,13162403.0,7980700000.000001
2017-08-07,10749.7,10757.9,10659.45,10678.8,12706679.0,9155300000.0
2017-08-08,10700.8,10708.3,10581.85,10623.7,12241343.0,8062600000.0
2017-08-09,10607.4,10655.35,10594.45,10613.55,9389455.0,5874500000.0
2017-08-10,10590.35,10700.9,10586.15,10662.35,18391778.0,11595000000.0
2017-08-11,10623.65,10718.15,10587.7,10647.05,15965456.0,10011600000.0
2017-08-14,10669.15,10692.45,10569.1,10587.3,8348951.0,5405400000.0
2017-08-16,10621.1,10683.8,10575.05,10659.7,14447704.0,9696500000.0
2017-08-17,10784.6,10839.95,10688.85,10797.8,25035319.0,19750200000.0
2017-08-18,10768.0,10768.0,10474.7,10570.0,94170591.0,84928600000.0
2017-08-21,10574.3,10618.05,10408.45,10440.05,55173908.0,46777400000.0
2017-08-22,10533.4,10541.85,10422.0,10446.25,35284761.0,27494800000.0
2017-08-23,10479.65,10509.6,10401.05,10478.25,38429880.0,32284400000.0
2017-08-24,10550.2,10566.85,10486.05,10503.9,29997784.0,24718500000.0
2017-08-28,10603.45,10638.4,10574.5,10592.25,28758869.0,25184800000.0
2017-08-29,10593.0,10596.15,10475.5,10505.95,15708645.0,11556099999.999998
2017-08-30,10565.2,10580.0,10474.15,10493.25,17134070.0,12869700000.0
2017-08-31,10528.05,10578.7,10453.1,10558.25,31920597.0,18720600000.0
2017-09-01,10537.6,10563.8,10455.65,10514.35,14920011.0,9994200000.0
2017-09-04,10540.0,10540.1,10388.25,10441.75,17361736.0,11626400000.000002
2017-09-05,10455.55,10506.5,10427.5,10498.0,20589123.0,12504800000.0
2017-09-06,10472.1,10484.65,10407.9,10421.65,20789478.0,11919400000.0
2017-09-07,10466.05,10477.3,10423.25,10460.95,13655711.0,8850900000.0
2017-09-08,10488.95,10499.3,10444.3,10456.65,16605350.0,10492500000.0
2017-09-11,10496.7,10520.75,10447.25,10459.5,18352976.0,11734700000.0
2017-09-12,10514.15,10517.5,10443.2,10501.1,25304551.0,15206000000.0
2017-09-13,10520.75,10593.0,10475.9,10505.3,23226852.0,13166000000.0
2017-09-14,10438.2,10505.25,10428.45,10496.05,18866410.0,12398400000.0
2017-09-15,10519.65,10621.65,10479.95,10599.75,20721000.0,15815000000.0
2017-09-18,10601.4,10675.05,10601.35,10649.5,16697791.0,9995400000.0
2017-09-19,10658.35,10668.65,10611.9,10654.8,11636432.0,7333099999.999999
2017-09-20,10694.0,10694.0,10588.15,10651.35,11719899.0,7595599999.999999
2017-09-21,10652.55,10670.75,10599.95,10653.8,15978558.0,12218900000.000002
2017-09-22,10628.5,10672.95,10593.25,10632.1,21312591.0,16793800000.000002
2017-09-25,10604.3,10653.55,10513.3,10569.1,14593317.0,10606300000.000002
2017-09-26,10575.2,10604.15,10481.95,10548.5,11474071.0,8602600000.0
2017-09-27,10576.25,10587.05,10516.4,10544.2,13117745.0,9455500000.0
2017-09-28,10544.15,10613.25,10470.55,10521.9,26429214.0,20676600000.0
2017-09-29,10543.4,10576.95,10454.05,10475.35,14386793.0,8280300000.0
2017-10-03,10534.45,10568.5,10507.55,10546.1,15039017.0,8372300000.0
2017-10-04,10551.75,10578.35,10502.15,10539.85,13015477.0,6636200000.0
2017-10-05,10546.45,10581.3,10514.25,10524.65,18370082.0,10166100000.0
2017-10-06,10532.2,10665.6,10527.55,10655.35,16888608.0,9624700000.0
2017-10-09,10637.35,10694.25,10622.8,10680.2,16203165.0,7448500000.0
2017-10-10,10734.55,10771.95,10712.05,10726.15,16145247.0,9051000000.0
2017-10-11,10722.1,10811.05,10720.45,10785.25,20428748.0,10061700000.0
2017-10-12,10801.3,10891.25,10782.7,10881.3,19315828.0,14956099999.999998
2017-10-13,10915.05,10997.1,10880.0,10924.2,19084931.0,12844700000.0
2017-10-16,10936.85,10978.0,10921.9,10961.6,12896441.0,7469000000.0
2017-10-17,10946.85,11006.65,10910.4,10942.7,,
2017-10-18,10943.3,11014.05,10898.65,10910.15,17767404.0,9273400000.0
2017-10-19,10911.5,10934.85,10872.8,10890.75,,
2017-10-23,10901.25,11013.4,10863.15,10997.85,17380495.0,11039400000.0
2017-10-24,11056.35,11057.3,10860.35,10884.75,17797268.0,12006700000.0
2017-10-25,10829.8,10986.5,10799.35,10925.45,20609614.0,13953200000.0
2017-10-26,10915.65,10945.45,10836.0,10883.05,59927649.0,32120900000.0
2017-10-27,10901.3,10911.65,10831.25,10862.05,15450898.0,10080300000.0
2017-10-30,10892.55,10913.9,10842.95,10854.3,22591293.0,14139100000.0
2017-10-31,10793.1,10870.55,10781.0,10837.9,18708181.0,10617800000.0
2017-11-01,10877.85,10887.8,10772.25,10817.3,21144732.0,9192700000.0
2017-11-02,10802.5,10884.5,10788.0,10845.85,43841311.0,13925700000.0
2017-11-03,10840.3,10873.95,10824.95,10839.05,33003635.0,9428600000.0
2017-11-06,10834.0,10952.35,10820.05,10929.9,41655369.0,12918500000.0
2017-11-07,10942.4,11243.2,10934.5,11172.1,42589657.0,22034500000.0
2017-11-08,11227.7,11306.45,11197.6,11245.9,23663675.0,12644800000.0
2017-11-09,11275.45,11301.25,11201.65,11248.45,14342859.0,7880300000.0
2017-11-10,11270.0,11272.0,11151.1,11222.55,15489961.0,9623200000.0
2017-11-13,11188.5,11341.5,11188.5,11236.2,14896394.0,10273300000.0
2017-11-14,11240.55,11275.65,11139.8,11168.75,17032126.0,9192100000.0
2017-11-15,11158.0,11211.7,11110.8,11122.85,18968002.0,16838000000.0
2017-11-16,11145.55,11343.6,11059.0,11317.25,25745297.0,15028699999.999998
2017-11-17,11311.95,11311.95,11127.0,11150.0,17244516.0,10492200000.0
2017-11-20,11161.7,11173.65,11072.95,11100.1,15587633.0,8691700000.0
2017-11-21,11120.8,11166.35,11087.15,11119.45,16528695.0,9871200000.0
2017-11-22,11133.8,11167.65,11098.65,11117.5,15085538.0,10087600000.0
2017-11-23,11149.8,11255.05,11132.75,11230.6,17176802.0,11325100000.0
2017-11-24,11240.4,11352.55,11235.75,11306.4,23794202.0,16777800000.0
2017-11-27,11290.85,11326.0,11239.4,11314.25,16266300.0,10366600000.0
2017-11-28,11303.35,11324.9,11242.85,11270.6,13654824.0,7757800000.0
2017-11-29,11266.95,11299.35,11211.15,11232.9,14186355.0,7897400000.0
2017-11-30,11233.5,11241.8,11060.1,11115.3,36562941.0,23059100000.0
2017-12-01,11123.6,11180.4,10930.95,10948.5,15744634.0,7660400000.0
2017-12-04,11007.95,11138.1,10901.1,11081.65,28758345.0,16195300000.0
2017-12-05,11079.35,11121.85,11005.9,11025.4,22390897.0,12095400000.0
2017-12-06,11024.55,11099.05,11006.2,11074.9,26426388.0,11709000000.0
2017-12-07,11075.55,11178.8,11057.45,11163.45,25529596.0,13388000000.0
2017-12-08,11189.8,11249.3,11159.75,11173.4,18936548.0,10216700000.0
2017-12-11,11178.9,11343.15,11170.45,11324.0,14923112.0,8562500000.0
2017-12-12,11327.7,11341.75,11251.7,11272.45,19365806.0,12982500000.0
2017-12-13,11257.05,11328.75,11210.7,11251.7,18858996.0,13621099999.999998
2017-12-14,11257.95,11307.9,11174.65,11275.4,20290720.0,17126600000.0
2017-12-15,11299.6,11337.0,11245.55,11288.3,24617772.0,16460300000.0
2017-12-18,11211.8,11345.4,11096.6,11315.2,19133106.0,10172900000.0
2017-12-19,11324.55,11334.05,11214.6,11240.65,21155830.0,12009500000.0
2017-12-20,11267.4,11322.2,11198.6,11304.2,14537868.0,8682300000.0
2017-12-21,11317.5,11406.4,11288.75,11374.3,15989407.0,11089500000.0
2017-12-22,11368.2,11532.75,11345.25,11501.9,18433681.0,15740700000.0
2017-12-26,11503.0,11531.25,11454.9,11507.4,17496410.0,12247400000.0
2017-12-27,11490.3,11538.7,11465.6,11509.25,13758340.0,8253000000.0
2017-12-28,11481.8,11549.8,11460.8,11496.4,33607636.0,15478500000.0
2017-12-29,11479.5,11689.75,11430.65,11665.75,123646100.0,26442700000.0
2018-01-01,11612.7,11655.85,11549.0,11565.75,32997971.0,11056600000.0
2018-01-02,11587.85,11655.5,11558.45,11602.35,25819255.0,12100400000.0
2018-01-03,11617.35,11693.35,11573.25,11586.7,22309482.0,12125700000.0
2018-01-04,11599.05,11607.75,11510.4,11590.8,17417396.0,9935900000.0
2018-01-05,11575.45,11691.45,11541.8,11633.55,17507348.0,11681900000.0
2018-01-08,11674.35,11793.85,11661.5,11776.85,17601459.0,10348400000.0
2018-01-09,11805.35,11819.35,11685.75,11790.85,26689866.0,14134000000.0
2018-01-10,11803.85,12076.25,11762.5,12054.7,24012407.0,17574700000.0
2018-01-11,12060.8,12178.8,12045.45,12103.1,27129023.0,20222400000.0
2018-01-12,12144.8,12146.75,12004.4,12099.15,26161722.0,20534699999.999996
2018-01-15,12103.5,12214.65,11971.95,11992.75,17080568.0,12032700000.0
2018-01-16,12036.55,12487.25,12027.3,12430.95,38696788.0,30470600000.0
2018-01-17,12473.05,12653.25,12432.75,12531.4,29648559.0,27807800000.000004
2018-01-18,12565.85,12605.15,12431.8,12570.7,26886980.0,19920400000.0
2018-01-19,12577.25,12668.55,12485.3,12633.85,17534922.0,13276500000.0
2018-01-22,12544.6,12924.6,12521.15,12894.95,31661630.0,24679899999.999996
2018-01-23,12919.3,13084.2,12898.25,13048.9,30760333.0,24412600000.000004
2018-01-24,13020.3,13553.95,13005.95,13249.55,50984631.0,39921500000.0
2018-01-25,13257.9,13259.15,12996.75,13117.85,42395918.0,27232500000.0
2018-01-29,13113.2,13328.05,13096.45,13242.5,25031799.0,19935600000.0
2018-01-30,13193.0,13238.5,13071.85,13107.9,35198915.0,18489600000.0
2018-01-31,13050.85,13142.85,12943.35,12986.4,26948151.0,20042800000.0
2018-02-01,12965.6,13141.75,12812.95,12964.6,21842854.0,17615000000.0
2018-02-02,12872.5,13130.25,12846.2,12983.6,23059095.0,17236300000.0
2018-02-05,12878.7,13104.8,12845.0,12936.9,22877661.0,17055900000.0
2018-02-06,12516.2,12750.7,12490.75,12562.35,25026447.0,17822400000.0
2018-02-07,12667.6,12680.3,12419.4,12450.05,22645095.0,15804400000.0
2018-02-08,12556.8,12764.75,12468.5,12588.35,27839336.0,17765600000.0
2018-02-09,12449.7,12556.2,12350.4,12492.7,19357882.0,12414000000.0
2018-02-12,12544.7,12591.95,12390.9,12422.65,20607388.0,12555100000.0
2018-02-14,12438.2,12546.0,12346.0,12420.0,23964695.0,16750300000.0
2018-02-15,12497.5,12584.25,12439.05,12456.5,20368397.0,13223599999.999998
2018-02-16,12512.75,12687.45,12412.1,12437.9,22184554.0,16780700000.0
2018-02-19,12474.15,12479.4,12228.8,12331.4,19602259.0,12578800000.000002
2018-02-20,12272.95,12491.6,12268.55,12372.0,17745502.0,12015400000.0
2018-02-21,12490.5,12703.85,12452.35,12660.05,30130562.0,23223200000.0
2018-02-22,12663.65,12794.0,12631.85,12730.25,34044908.0,27104899999.999996
2018-02-23,12784.1,12888.0,12701.1,12871.15,28957080.0,23253300000.0
2018-02-26,12864.6,12903.9,12692.35,12713.15,23357034.0,15045900000.0
2018-02-27,12777.25,12797.35,12688.0,12746.8,24224177.0,13964300000.0
2018-02-28,12744.4,12904.2,12696.35,12809.0,30263751.0,24093100000.0
2018-03-01,12823.9,12842.65,12736.4,12769.45,18951090.0,12824700000.0
2018-03-05,12768.55,12890.95,12684.3,12857.65,27912338.0,20305200000.0
2018-03-06,12924.45,12930.55,12667.45,12706.1,22173389.0,15014200000.0
2018-03-07,12767.45,12856.55,12650.25,12677.1,20800256.0,15544300000.0
2018-03-08,12757.0,12802.15,12645.75,12682.4,17687606.0,12990400000.0
2018-03-09,12710.35,12805.35,12656.65,12747.25,,
2018-03-12,12825.25,13012.35,12813.25,12923.4,20430953.0,15706400000.000002
2018-03-13,12778.35,12842.2,12663.3,12734.2,61575647.0,137928500000.0
2018-03-14,12725.2,12840.45,12711.25,12786.95,20788341.0,15528699999.999998
2018-03-15,12815.6,12860.0,12727.8,12762.25,29153997.0,18717900000.0
2018-03-16,12776.25,12778.6,12606.6,12698.4,35030341.0,32839600000.0
2018-03-19,12660.9,12725.35,12392.7,12421.3,18363549.0,15458000000.0
2018-03-20,12385.0,12644.6,12375.4,12609.1,24306746.0,19487800000.0
2018-03-21,12665.75,12698.35,12554.15,12608.85,,
2018-03-22,12607.65,12638.95,12454.5,12489.6,18498503.0,13292500000.0
2018-03-23,12292.65,12564.75,12281.2,12541.1,24933528.0,20880700000.0
2018-03-26,12536.6,12542.55,12392.25,12462.4,28517360.0,17465200000.0
2018-03-27,12539.5,12566.5,12444.7,12518.2,21450934.0,12225600000.0
2018-03-28,12468.7,12573.1,12424.55,12511.55,34191641.0,27949800000.0
2018-04-02,12542.3,12723.4,12541.35,12707.1,,
2018-04-03,12637.8,12708.15,12557.05,12615.45,,
2018-04-04,12689.9,12689.9,12442.15,12490.85,19361343.0,13299000000.0
2018-04-05,12617.45,12695.8,12578.95,12682.55,19539171.0,13593699999.999998
2018-04-06,12685.3,12687.4,12569.25,12603.35,17601483.0,11476199999.999998
2018-04-09,12605.35,12640.3,12506.4,12531.2,,
2018-04-10,12532.25,12618.8,12519.45,12576.5,21570755.0,14083300000.0
2018-04-11,12629.4,12785.3,12608.85,12759.1,17903590.0,15652500000.0
2018-04-12,12782.05,13219.55,12766.65,13168.2,31423294.0,30963000000.0
2018-04-13,13240.65,13380.4,13085.05,13260.45,36821452.0,38192500000.0
2018-04-16,12936.3,13242.05,12935.25,13203.1,32908331.0,32967100000.0
2018-04-17,13177.1,13194.4,13094.0,13162.3,20354199.0,18677400000.0
2018-04-18,13185.2,13218.45,13106.3,13124.0,,
2018-04-19,13192.95,13295.7,13157.85,13273.45,23540245.0,23081000000.0
2018-04-20,13379.35,13964.3,13371.85,13910.35,58967123.0,70100600000.0
2018-04-23,13897.65,14294.15,13836.5,14013.95,55531863.0,66177500000.0
2018-04-24,13976.7,14071.55,13704.85,13734.8,26771248.0,30632300000.0
2018-04-25,13737.5,13972.65,13665.7,13892.4,35668126.0,37671300000.0
2018-04-26,13836.95,14056.15,13827.1,14026.65,43169671.0,46660500000.0
2018-04-27,14015.7,14070.35,13766.75,13794.9,22682936.0,22676400000.0
2018-04-30,13818.85,14094.1,13810.55,13986.25,21148573.0,19126500000.0
2018-05-02,13985.55,13985.55,13723.65,13754.3,26021447.0,24745300000.000004
2018-05-03,13759.45,13759.45,13430.75,13473.95,32450229.0,27588500000.0
2018-05-04,13488.75,13488.8,13302.9,13453.3,25701676.0,20688100000.0
2018-05-07,13533.55,13563.85,13395.85,13424.9,17512282.0,15905100000.0
2018-05-08,13453.95,13474.25,13297.2,13379.65,20143939.0,17133599999.999998
2018-05-09,13397.85,13538.4,13390.9,13453.4,17101073.0,14341300000.000002
2018-05-10,13505.25,13566.05,13403.3,13427.3,20768761.0,17204400000.0
2018-05-11,13457.9,13519.15,13393.3,13478.6,16533584.0,13446400000.000002
2018-05-14,13480.1,13495.5,13358.2,13446.1,14878656.0,12481700000.0
2018-05-15,13441.55,13614.65,13419.7,13504.95,16608752.0,14336900000.0
2018-05-16,13474.05,13585.15,13466.6,13525.6,15787652.0,12226300000.000002
2018-05-17,13606.65,13625.5,13461.05,13504.75,18503069.0,16633900000.000002
2018-05-18,13487.35,13526.95,13412.85,13459.15,21814306.0,15643400000.0
2018-05-21,13485.45,13572.15,13434.1,13483.85,19933398.0,18723700000.0
2018-05-22,13453.8,13530.55,13420.1,13484.55,14848732.0,12218599999.999998
2018-05-23,13517.3,13615.4,13435.5,13464.35,23511265.0,17516200000.0
2018-05-24,13563.65,13797.95,13543.65,13775.65,30126284.0,23633300000.0
2018-05-25,13854.1,13963.7,13715.5,13762.3,22081327.0,20454700000.0
2018-05-28,13832.95,13832.95,13457.6,13497.7,24037272.0,20271400000.0
2018-05-29,13535.45,13631.3,13482.05,13561.05,17626079.0,14829700000.0
2018-05-30,13548.85,13627.05,13480.55,13557.7,20572865.0,17774500000.0
2018-05-31,13515.35,13695.3,13460.7,13666.0,41085827.0,34797000000.0
2018-06-01,13694.25,13785.35,13528.65,13558.55,21876620.0,14449000000.0
2018-06-04,13592.4,13646.55,13525.2,13595.1,19040022.0,11668400000.0
2018-06-05,13625.65,13638.75,13363.4,13408.9,24012688.0,15539700000.0
2018-06-06,13460.6,13554.25,13355.2,13528.8,23453120.0,14088699999.999998
2018-06-07,13530.55,13714.2,13525.35,13683.75,24954697.0,15232000000.0
2018-06-08,13677.8,13841.65,13674.35,13769.8,26002064.0,17759600000.0
2018-06-11,13807.5,13869.55,13755.5,13775.1,24377768.0,15411199999.999998
2018-06-12,13817.7,13889.45,13771.35,13859.85,27672172.0,22576100000.0
2018-06-13,14001.2,14074.9,13950.15,14034.15,26890892.0,20821900000.0
2018-06-14,13980.55,13984.75,13784.35,13825.4,31330506.0,22307100000.0
2018-06-15,13868.5,14151.75,13841.6,14121.5,45008343.0,41081100000.0
2018-06-18,14223.35,14223.35,13995.9,14024.2,29064786.0,20372800000.0
2018-06-19,13987.6,14028.7,13835.7,13849.45,32753588.0,19386400000.0
2018-06-20,13900.85,13914.95,13782.15,13810.9,24277411.0,16881700000.0
2018-06-21,13856.1,13882.4,13751.6,13771.7,30152844.0,17425600000.0
2018-06-22,13792.85,13844.0,13724.15,13777.05,17748643.0,13788100000.0
2018-06-25,13814.0,13918.05,13791.0,13865.2,18404657.0,15653000000.0
2018-06-26,13862.7,13981.15,13848.8,13943.5,25183925.0,19715200000.0
2018-06-27,14005.65,14143.3,13966.35,14018.4,29335023.0,23753600000.0
2018-06-28,14070.9,14139.65,13853.1,13873.8,42213864.0,33131800000.0
2018-06-29,13959.15,14020.75,13858.7,13989.5,33055615.0,26626000000.0
2018-07-02,14024.6,14086.8,13977.9,14072.3,23453334.0,15906199999.999998
2018-07-03,14100.8,14238.9,14074.85,14222.55,24801569.0,19266000000.0
2018-07-04,14243.8,14243.95,14099.25,14126.15,21290467.0,14686900000.0
2018-07-05,14180.3,14184.45,13898.9,13970.5,27464167.0,22945800000.0
2018-07-06,14008.15,14063.25,13925.55,14015.9,26441281.0,23136100000.0
2018-07-09,14111.85,14141.15,13993.6,14108.85,23350288.0,22691300000.0
2018-07-10,14275.1,14299.5,14174.6,14222.75,33207897.0,27247500000.0
2018-07-11,14352.15,14629.5,14337.55,14536.45,56831080.0,69904200000.0
2018-07-12,14611.45,14627.8,14437.65,14515.65,36396847.0,35685300000.0
2018-07-13,14559.15,14654.55,14462.95,14534.9,42977674.0,36516200000.0
2018-07-16,14554.25,14776.0,14443.0,14617.05,36466840.0,37484700000.0
2018-07-17,14609.55,14709.6,14539.6,14618.25,26569892.0,23090300000.000004
2018-07-18,14695.65,14762.3,14568.55,14631.65,22265892.0,18483300000.0
2018-07-19,14638.1,14693.45,14420.0,14489.85,29547548.0,24773000000.0
2018-07-20,14541.35,14771.05,14518.5,14701.4,37513621.0,25932800000.000004
2018-07-23,14726.7,14726.7,14571.6,14683.2,33488923.0,20483100000.0
2018-07-24,14768.85,14768.9,14620.95,14663.9,22853710.0,17377200000.0
2018-07-25,14697.85,14697.85,14539.25,14575.35,27876290.0,23410100000.000004
2018-07-26,14510.6,14559.5,14423.75,14468.1,49322705.0,29544600000.0
2018-07-27,14476.45,14553.8,14450.15,14517.9,23611574.0,17251300000.0
2018-07-30,14538.9,14561.05,14391.15,14420.55,27095207.0,17569600000.0
2018-07-31,14432.6,14617.75,14386.8,14587.8,27251977.0,22250100000.000004
2018-08-01,14618.65,14690.6,14586.55,14679.35,19238886.0,15877600000.0
2018-08-02,14689.1,14739.8,14541.35,14552.6,18037721.0,13762100000.0
2018-08-03,14632.35,14663.6,14588.95,14649.05,18568390.0,12329300000.0
2018-08-06,14694.7,14731.1,14572.9,14605.55,14956902.0,12347300000.0
2018-08-07,14660.1,14688.1,14588.55,14613.75,18375389.0,13829200000.0
2018-08-08,14650.6,14663.05,14534.6,14608.2,19261664.0,12372900000.0
2018-08-09,14660.55,14662.45,14588.95,14603.35,19685828.0,14394900000.0
2018-08-10,14661.9,14702.15,14568.3,14679.25,18078155.0,15480400000.0
2018-08-13,14697.7,14902.4,14683.0,14880.25,26331697.0,24302100000.0
2018-08-14,14927.4,15090.9,14872.95,15009.25,25441762.0,22724699999.999996
2018-08-16,15021.95,15122.65,15017.25,15044.35,24780738.0,20764899999.999996
2018-08-17,15059.95,15143.35,14982.35,15126.4,20667279.0,15603100000.0
2018-08-20,15033.65,15054.1,14946.55,14996.1,24589958.0,21716800000.0
2018-08-21,15072.45,15183.25,15041.85,15134.65,33908364.0,25186000000.0
2018-08-23,15195.0,15361.4,15185.25,15321.95,31146819.0,26996900000.0
2018-08-24,15337.9,15410.2,15239.35,15260.05,25436831.0,18236400000.0
2018-08-27,15285.1,15539.65,15274.35,15514.95,20065648.0,16198699999.999998
2018-08-28,15546.5,15641.4,15528.4,15583.05,19466343.0,16738699999.999998
2018-08-29,15617.0,15621.9,15439.45,15524.95,17453665.0,15472500000.0
2018-08-30,15519.6,15576.65,15428.1,15529.85,46739804.0,28771200000.0
2018-08-31,15575.95,15833.65,15567.5,15811.4,36217077.0,31255700000.0
2018-09-03,16013.05,16048.25,15703.0,15724.7,49869686.0,32644800000.0
2018-09-04,15799.35,16094.05,15783.55,16048.7,45117210.0,35776600000.0
2018-09-05,16088.7,16124.6,15976.45,16039.9,38993047.0,26630800000.0
2018-09-06,16047.95,16121.5,15932.65,16081.65,32781089.0,23247800000.000004
2018-09-07,16126.25,16130.6,15975.0,16104.75,29097046.0,18673400000.0
2018-09-10,16150.65,16229.85,16085.5,16105.3,29956602.0,20247500000.0
2018-09-11,16182.0,16217.75,15970.1,15993.15,32423587.0,27729600000.0
2018-09-12,16092.1,16124.55,15977.85,16054.05,26710771.0,19648800000.0
2018-09-14,16046.4,16104.05,15843.6,16072.5,32561023.0,25254200000.0
2018-09-17,16096.4,16207.5,16080.75,16119.8,22515129.0,19047300000.0
2018-09-18,16152.85,16152.85,16003.2,16031.0,20435865.0,18463900000.0
2018-09-19,16092.65,16115.15,15982.05,16063.95,20373441.0,17319700000.0
2018-09-21,16023.65,16047.2,15579.95,15833.5,56712658.0,36101200000.0
2018-09-24,15862.4,16235.05,15820.65,16175.3,39760654.0,24243900000.0
2018-09-25,16207.0,16360.6,16081.9,16234.9,42199895.0,25812000000.0
2018-09-26,16285.75,16292.3,15877.9,15932.45,44160114.0,22793200000.0
2018-09-27,15979.5,16094.05,15943.9,16018.0,74160242.0,37428200000.0
2018-09-28,15932.1,15972.0,15734.95,15838.05,183715914.0,36208000000.0
2018-10-01,15897.1,16282.05,15861.5,16213.6,135216665.0,30677300000.0
2018-10-03,16208.75,16278.0,15874.25,15909.8,69385750.0,29845000000.0
2018-10-04,15835.2,15835.2,15403.9,15441.1,70098370.0,28531700000.0
2018-10-05,15416.9,15710.0,15265.65,15591.65,44283701.0,23423500000.0
2018-10-08,15538.2,15644.2,15198.25,15305.2,52533348.0,21269800000.0
2018-10-09,15305.15,15429.95,15137.75,15369.8,35164352.0,18917000000.0
2018-10-10,15356.3,15380.85,15053.3,15143.2,32964220.0,21702399999.999996
2018-10-11,14721.1,14890.65,14554.25,14683.0,45388816.0,28222900000.0
2018-10-12,14701.85,14721.95,14408.45,14539.2,43233902.0,34415100000.0
2018-10-15,14639.5,14846.95,14564.3,14797.2,31257720.0,18583500000.0
2018-10-16,14876.05,14975.55,14743.9,14887.35,32510210.0,21906200000.0
2018-10-17,15031.05,15190.65,14903.5,14949.6,50083440.0,34503600000.0
2018-10-19,14776.45,14776.45,14421.65,14476.85,50673746.0,32535100000.000004
2018-10-22,14527.55,14527.55,14299.15,14421.4,73137494.0,21203300000.0
2018-10-23,14318.95,14406.75,13977.65,14014.7,56646090.0,19587000000.0
2018-10-24,14125.5,14183.55,13826.3,14049.15,36519276.0,22477000000.0
2018-10-25,13894.8,14179.7,13863.9,14070.8,62725558.0,23187600000.000004
2018-10-26,14057.05,14070.05,13769.85,13798.6,38506098.0,15248200000.0
2018-10-29,13837.65,14188.0,13696.5,14132.65,31653969.0,16351300000.000002
2018-10-30,14088.25,14437.6,14028.8,14355.85,57556185.0,22208900000.0
2018-10-31,14428.7,14994.85,14376.75,14940.1,56390415.0,32081400000.0
2018-11-01,14991.6,14991.6,14541.2,14622.0,41081207.0,18968000000.0
2018-11-02,14639.05,14780.1,14356.1,14396.7,70436201.0,19798400000.0
2018-11-05,14377.5,14534.05,14345.25,14471.75,48190914.0,15803100000.0
2018-11-06,14499.8,14660.15,14468.25,14577.3,43542715.0,14416000000.0
2018-11-07,14654.25,14698.95,14645.05,14674.45,34924680.0,2862000000.0
2018-11-09,14793.75,14796.9,14483.35,14553.25,112060387.0,25703600000.0
2018-11-12,14604.95,14821.55,14565.05,14650.5,98145750.0,23571600000.0
2018-11-13,14637.25,14780.0,14561.55,14698.2,48659834.0,14893100000.0
2018-11-14,14662.3,14662.8,14236.7,14338.45,63478110.0,18709600000.0
2018-11-15,14315.45,14573.1,14264.6,14354.15,43775186.0,16191300000.000002
2018-11-16,14426.7,14504.5,14356.65,14473.15,58652863.0,20383900000.0
2018-11-19,14544.8,14618.25,14433.2,14599.75,53935954.0,15576099999.999998
2018-11-20,14575.25,14575.25,14262.3,14285.05,45487048.0,13665900000.0
2018-11-21,14244.75,14245.05,13827.15,13879.15,46550497.0,24271600000.0
2018-11-22,13955.0,14109.45,13819.7,13835.7,37088426.0,19279800000.0
2018-11-26,13836.95,14083.7,13581.35,14025.4,47715485.0,27184699999.999996
2018-11-27,14057.9,14265.25,14000.4,14225.35,37834150.0,22997300000.0
2018-11-28,14266.75,14658.9,14250.9,14632.9,57816831.0,32181500000.0
2018-11-29,14726.75,14732.65,14433.05,14465.25,63005396.0,25808800000.0
2018-11-30,14494.7,14710.8,14494.6,14638.05,50352789.0,27862700000.0
2018-12-03,14728.45,14790.8,14630.75,14740.4,45634980.0,16641400000.000002
2018-12-04,14757.45,15015.1,14728.2,14999.9,50807357.0,22591100000.0
2018-12-05,14932.45,15062.4,14788.75,15012.95,38989529.0,18771500000.0
2018-12-06,14936.6,15064.25,14664.3,14693.75,36694749.0,20785600000.0
2018-12-07,14686.8,14700.05,14461.95,14662.9,39878132.0,22950300000.000004
2018-12-10,14486.0,14723.7,14369.5,14419.2,39398373.0,15740500000.0
2018-12-11,14385.35,14684.45,14307.3,14579.6,48447503.0,21283300000.0
2018-12-12,14640.15,14756.5,14521.2,14738.55,46035249.0,16854500000.0
2018-12-13,14782.35,14908.9,14652.0,14840.95,62800061.0,21501000000.0
2018-12-14,14810.4,14913.8,14741.7,14851.4,41390824.0,20049100000.0
2018-12-17,14931.05,14931.05,14801.15,14873.05,36335815.0,13096900000.0
2018-12-18,14776.45,14809.55,14662.1,14730.9,46936075.0,17534700000.0
2018-12-19,14686.05,14698.9,14463.75,14591.8,36208238.0,20767399999.999996
2018-12-20,14468.4,14621.8,14461.3,14542.15,35736127.0,18577400000.0
2018-12-21,14493.75,14505.5,14171.95,14207.85,61833131.0,28991300000.0
2018-12-24,14296.8,14371.75,14197.1,14247.75,30554691.0,14911800000.0
2018-12-26,14229.2,14229.2,14018.4,14158.9,33373773.0,14639100000.0
2018-12-27,14300.95,14460.7,14273.85,14354.5,46967544.0,29915100000.000004
2018-12-28,14409.6,14451.7,14368.7,14385.8,24562333.0,12287500000.0
2018-12-31,14458.5,14481.4,14394.55,14440.3,18437992.0,9953700000.0
2019-01-01,14426.45,14480.55,14357.05,14450.9,14008384.0,7192000000.0
2019-01-02,14467.4,14593.85,14371.0,14447.1,27024498.0,16231500000.0
2019-01-03,14479.75,14542.3,14276.5,14322.15,25156380.0,16665200000.0
2019-01-04,14332.65,14359.2,13958.85,14146.15,32610951.0,23330400000.0
2019-01-07,14238.05,14316.0,14204.65,14291.5,23053554.0,14895900000.0
2019-01-08,14344.6,14357.75,14238.2,14285.7,30284463.0,17870200000.0
2019-01-09,14417.2,14495.7,14162.2,14326.05,39777101.0,25342700000.0
2019-01-10,14388.85,14393.45,14272.25,14323.25,25385563.0,17260500000.0
2019-01-11,14288.95,14326.9,14134.25,14307.1,36388890.0,33542900000.0
2019-01-14,14474.5,14495.7,14196.0,14223.6,41011605.0,28035900000.0
2019-01-15,14265.7,14685.5,14262.4,14658.5,82293752.0,41739399999.99999
2019-01-16,14688.85,14732.75,14610.1,14707.8,41887904.0,21522800000.000004
2019-01-17,14714.25,14813.9,14660.05,14800.25,38250488.0,25415700000.0
2019-01-18,14744.05,14923.75,14709.45,14892.95,34624811.0,21320300000.000004
2019-01-21,14920.35,15100.2,14850.0,14966.4,45511115.0,27651800000.0
2019-01-22,14927.15,15019.6,14814.95,14962.6,33064975.0,22952100000.0
2019-01-23,14975.2,15003.85,14856.85,14888.75,37429423.0,25440400000.0
2019-01-24,14897.45,15003.55,14793.25,14971.85,33165996.0,18489100000.0
2019-01-25,14952.75,15161.2,14927.25,15039.25,39347664.0,19856600000.0
2019-01-28,15085.05,15161.7,15026.75,15120.1,35878523.0,20372700000.0
2019-01-29,15126.15,15293.0,14986.7,15231.3,31191349.0,19720200000.0
2019-01-30,15304.0,15381.45,15192.4,15255.2,37418911.0,23508500000.0
2019-01-31,15299.45,15513.45,15276.05,15499.3,47438828.0,30958400000.0
2019-02-01,15522.55,15751.75,15485.7,15724.3,29344350.0,20073900000.0
2019-02-04,15727.2,15819.7,15635.9,15754.8,23254965.0,13056700000.0
2019-02-05,15709.0,15812.15,15634.95,15738.7,26077745.0,11932700000.0
2019-02-06,15857.7,16090.7,15835.7,16055.6,44339473.0,25440200000.0
2019-02-07,16045.55,16167.85,16031.15,16085.85,30232353.0,15259100000.0
2019-02-08,16001.15,16145.7,15979.8,16019.8,25548817.0,17711900000.0
2019-02-11,16050.2,16159.05,16002.5,16099.05,22644494.0,15925200000.0
2019-02-12,16093.45,16094.6,15788.1,15938.6,33477588.0,18428400000.0
2019-02-13,15958.4,16087.3,15885.3,16041.65,28680952.0,16798000000.0
2019-02-14,15992.45,16002.2,15828.85,15861.65,25024087.0,13903200000.0
2019-02-15,15898.4,15912.45,15620.45,15815.6,55717193.0,17698700000.0
2019-02-18,15895.5,15948.1,15618.05,15659.0,30337931.0,19109800000.0
2019-02-19,15644.05,15651.9,15287.5,15333.5,28734431.0,22375800000.0
2019-02-20,15382.45,15651.7,15330.8,15609.45,33005377.0,21409899999.999996
2019-02-21,15609.15,15691.4,15492.2,15588.9,40924365.0,31615800000.0
2019-02-22,15582.8,15717.3,15543.5,15684.7,26504046.0,16388300000.0
2019-02-25,15738.95,16029.95,15729.25,16003.7,25015005.0,18277200000.0
2019-02-26,15933.8,16069.4,15874.95,15989.6,33173348.0,28468900000.0
2019-02-27,15983.8,16007.65,15803.7,15902.1,39729486.0,25021400000.0
2019-02-28,15974.1,15974.1,15694.85,15732.0,48900361.0,37463600000.0
2019-03-01,15778.15,15871.1,15752.2,15848.3,31816077.0,21354699999.999996
2019-03-05,15839.2,15839.2,15634.55,15664.1,55372214.0,21881700000.0
2019-03-06,15732.35,15814.7,15681.1,15735.05,66054615.0,23965000000.0
2019-03-07,15788.15,15788.15,15558.95,15582.1,35405290.0,22267700000.0
2019-03-08,15544.35,15545.65,15388.2,15408.7,47183037.0,21729800000.0
2019-03-11,15432.9,15500.75,15349.6,15388.5,66030778.0,23849600000.0
2019-03-12,15408.85,15497.2,15349.8,15384.55,50310706.0,23721000000.0
2019-03-13,15442.25,15550.85,15300.25,15342.9,49018707.0,25602700000.0
2019-03-14,15422.6,15437.05,15202.05,15260.45,39544967.0,18516500000.0
2019-03-15,15346.0,15649.25,15324.85,15546.6,55791714.0,36317500000.0
2019-03-18,15614.8,15661.3,15304.75,15359.45,30222245.0,20463900000.0
2019-03-19,15432.5,15545.45,15296.0,15495.55,33434307.0,22681800000.0
2019-03-20,15563.95,15735.25,15554.45,15599.25,43418330.0,29570500000.0
2019-03-22,15652.3,15652.3,15462.2,15551.1,32634674.0,21677600000.000004
2019-03-25,15579.05,15579.05,15388.4,15416.85,28304864.0,16617200000.0
2019-03-26,15415.5,15426.25,15218.25,15356.6,28385813.0,19935700000.0
2019-03-27,15352.6,15421.85,15307.1,15339.4,27539227.0,18428300000.0
2019-03-28,15410.35,15636.5,15399.45,15566.75,38025265.0,27088300000.0
2019-03-29,15681.6,15729.5,15578.2,15628.2,28698651.0,20184100000.0
2019-04-01,15668.8,15922.05,15662.55,15840.65,27734179.0,18203100000.0
2019-04-02,15902.9,16013.25,15874.65,15988.4,25358268.0,21119200000.0
2019-04-03,15996.5,16009.85,15862.5,15962.95,25163308.0,19511900000.0
2019-04-04,15947.8,15954.15,15691.0,15744.8,31363340.0,24176700000.0
2019-04-05,15800.45,15952.5,15759.8,15923.05,23506932.0,17888200000.0
2019-04-08,15982.85,16061.3,15857.15,16028.25,22086073.0,16572300000.0
2019-04-09,16048.25,16203.25,15999.65,16121.6,34843987.0,22440200000.0
2019-04-10,16138.85,16172.8,15978.2,15999.15,56982204.0,25768700000.0
2019-04-11,16018.0,16030.85,15852.3,15874.75,37532853.0,21011200000.0
2019-04-12,15918.1,15989.7,15832.0,15911.1,52345311.0,19940300000.0
2019-04-15,15917.7,16136.6,15862.0,16113.7,88386836.0,52716000000.0
2019-04-16,16166.15,16176.6,16064.35,16084.9,70237133.0,33061700000.0
2019-04-18,16177.85,16177.85,16021.0,16079.3,72219746.0,36951100000.0
2019-04-22,16077.55,16204.3,16057.9,16150.6,30038085.0,16400800000.0
2019-04-23,16179.45,16193.6,16082.45,16166.3,33651817.0,14365800000.0
2019-04-24,16182.9,16405.8,16161.35,16370.35,40592814.0,23396700000.0
2019-04-25,16361.0,16388.55,16299.2,16352.75,43108679.0,27768000000.0
2019-04-26,16393.8,16523.75,16381.45,16504.45,26445478.0,18068400000.0
