,SYMBOLS,Date
0,PILANIINVS,2016-02-19
1,HMT,2016-05-20
2,ATLASCYCLE,2017-01-18
3,ABGSHIP,2017-01-23
4,TANTIACONS,2017-02-15
5,GOLDENTOBC,2017-03-15
6,GLFL,2017-03-16
7,KHAITANELE,2017-03-20
8,BLUECHIP,2017-03-21
9,HOTELRUGBY,2017-03-23
10,JIKIND,2017-03-23
11,LGBFORGE,2017-03-27
12,PIRPHYTO,2017-04-06
13,VIMALOIL,2017-04-10
14,INTEGRA,2017-04-24
15,BVCL,2017-04-26
16,MELSTAR,2017-05-05
17,GANGOTRI,2017-05-22
18,SURANACORP,2017-06-27
19,HEXATRADEX,2017-07-19
20,KGL,2017-07-19
21,HANUNG,2017-08-02
22,ANKITMETAL,2017-08-07
23,SHARONBIO,2017-09-13
24,EDUCOMP,2017-09-22
25,BHARATIDIL,2017-09-27
26,ORCHIDPHAR,2017-09-27
27,KSERASERA,2017-11-13
28,ALCHEM,2017-11-22
29,SEZAL,2017-12-01
30,RAJRAYON,2017-12-06
31,CURATECH,2017-12-29
32,ICSA,2018-01-03
33,PRADIP,2018-01-17
34,GEMINI,2018-02-06
35,PKTEA,2018-02-06
36,TODAYS,2018-02-06
37,ZENITHBIR,2018-02-06
38,FIRSTWIN,2018-02-20
39,NAKODA,2018-02-21
40,ALPSINDUS,2018-03-16
41,ANGIND,2018-03-16
42,IMPEXFERRO,2018-03-16
43,RAJVIR,2018-03-16
44,SITASHREE,2018-03-16
45,SPYL,2018-03-16
46,SUPREMETEX,2018-03-16
47,SURANAIND,2018-03-16
48,TECHIN,2018-03-16
49,TULSI,2018-03-16
50,WINSOME,2018-03-16
51,XLENERGY,2018-03-16
52,ZYLOG,2018-03-16
53,AMTEKAUTO,2018-03-28
54,JYOTISTRUC,2018-03-28
55,UVSL,2018-03-28
56,TANLA,2018-04-11
57,BILENERGY,2018-04-26
58,BRFL,2018-04-26
59,GITANJALI,2018-04-26
60,GTLINFRA,2018-04-26
61,DIAPOWER,2018-04-30
62,EASUNREYRL,2018-04-30
63,ZENITHEXPO,2018-04-30
64,JPINFRATEC,2018-05-03
65,JBFIND,2018-05-04
66,CALSOFT,2018-05-09
67,BILPOWER,2018-05-17
68,MBECL,2018-05-21
69,NTL,2018-05-21
70,PANORAMUNI,2018-05-21
71,PINCON,2018-05-21
72,PRATIBHA,2018-05-21
73,SMPL,2018-05-21
74,SUJANAUNI,2018-05-21
75,TARAPUR,2018-05-21
76,VIDEOIND,2018-05-21
77,ALOKTEXT,2018-06-06
78,MOSERBAER,2018-06-06
79,IBVENTURES,2018-06-14
80,TFL,2018-06-14
81,EUROMULTI,2018-06-18
82,EUROCERA,2018-06-22
83,MANDHANA,2018-06-22
84,WSI,2018-06-22
85,BOMDYEING,2018-07-03
86,EMAMIINFRA,2018-07-03
87,OPTIEMUS,2018-07-03
88,RAIN,2018-07-03
89,NDTV,2018-07-04
90,OPTOCIRCUI,2018-07-04
91,RAINBOWPAP,2018-07-04
92,ADHUNIK,2018-07-23
93,ADROITINFO,2018-07-23
94,BHAGYANGR,2018-07-23
95,GISOLUTION,2018-07-23
96,IVRCLINFRA,2018-07-23
97,NORBTEAEXP,2018-07-23
98,QUINTEGRA,2018-07-25
99,GARWALLROP,2018-07-26
100,MONNETISPA,2018-07-31
101,CINEVISTA,2018-08-01
102,GAL,2018-08-01
103,JMTAUTOLTD,2018-08-01
104,METALFORGE,2018-08-01
105,ORTEL,2018-08-01
106,SUMEETINDS,2018-08-01
107,3PLAND,2018-08-02
108,ARCOTECH,2018-08-07
109,TECHNO,2018-08-07
110,HINDSYNTEX,2018-08-08
111,JAIHINDPRO,2018-08-08
112,OLECTRA,2018-08-08
113,PAEL,2018-08-08
114,BLUECOAST,2018-08-09
115,SABEVENTS,2018-08-09
116,UMESLTD,2018-08-09
117,DWARKESH,2018-08-10
118,GEPIL,2018-08-10
119,GET&D,2018-08-10
120,GICHSGFIN,2018-08-10
121,GICRE,2018-08-10
122,GILLANDERS,2018-08-10
123,GINNIFILA,2018-08-10
124,GIPCL,2018-08-10
125,GLOBOFFS,2018-08-10
126,GMBREW,2018-08-10
127,GMDCLTD,2018-08-10
128,GMMPFAUDLR,2018-08-10
129,GOACARBON,2018-08-10
130,GOCLCORP,2018-08-10
131,GODREJAGRO,2018-08-10
132,GOKEX,2018-08-10
133,GOKUL,2018-08-10
134,GOKULAGRO,2018-08-10
135,GOLDIAM,2018-08-10
136,GPIL,2018-08-10
137,GPTINFRA,2018-08-10
138,GRAPHITE,2018-08-10
139,GRAVITA,2018-08-10
140,GREAVESCOT,2018-08-10
141,GREENLAM,2018-08-10
142,GREENPLY,2018-08-10
143,GREENPOWER,2018-08-10
144,GSCLCEMENT,2018-08-10
145,GSPL,2018-08-10
146,GTNTEX,2018-08-10
147,GUJAPOLLO,2018-08-10
148,GUJFLUORO,2018-08-10
149,HAL,2018-08-10
150,HARITASEAT,2018-08-10
151,HATSUN,2018-08-10
152,HCG,2018-08-10
153,HCL-INSYS,2018-08-10
154,HDIL,2018-08-10
155,HEIDELBERG,2018-08-10
156,HERCULES,2018-08-10
157,HFCL,2018-08-10
158,HIGHGROUND,2018-08-10
159,HIKAL,2018-08-10
160,HIL,2018-08-10
161,HIMATSEIDE,2018-08-10
162,HINDCOPPER,2018-08-10
163,HINDMOTORS,2018-08-10
164,HINDNATGLS,2018-08-10
165,HIRECT,2018-08-10
166,HITECHCORP,2018-08-10
167,HITECHGEAR,2018-08-10
168,HMVL,2018-08-10
169,HSCL,2018-08-10
170,HSIL,2018-08-10
171,HUBTOWN,2018-08-10
172,IBREALEST,2018-08-10
173,ICICIGI,2018-08-10
174,ICRA,2018-08-10
175,IEX,2018-08-10
176,IFBIND,2018-08-10
177,IFGLEXPOR,2018-08-10
178,IGARASHI,2018-08-10
179,IGPL,2018-08-10
180,IIFL,2018-08-10
181,IL&FSTRANS,2018-08-10
182,IMFA,2018-08-10
183,INDBANK,2018-08-10
184,INDHOTEL,2018-08-10
185,INDIAGLYCO,2018-08-10
186,INDIANHUME,2018-08-10
187,INDLMETER,2018-08-10
188,INDNIPPON,2018-08-10
189,INDOCO,2018-08-10
190,INDOSTAR,2018-08-10
191,INDOTECH,2018-08-10
192,INDOWIND,2018-08-10
193,INDSWFTLAB,2018-08-10
194,INDTERRAIN,2018-08-10
195,INEOSSTYRO,2018-08-10
196,INFINITE,2018-08-10
197,INGERRAND,2018-08-10
198,INOXLEISUR,2018-08-10
199,INTELLECT,2018-08-10
200,INVENTURE,2018-08-10
201,IOLCP,2018-08-10
202,IPAPPM,2018-08-10
203,ISEC,2018-08-10
204,ISFT,2018-08-10
205,ITDCEM,2018-08-10
206,ITI,2018-08-10
207,IVC,2018-08-10
208,JAGRAN,2018-08-10
209,JAGSNPHARM,2018-08-10
210,JAIBALAJI,2018-08-10
211,JAICORPLTD,2018-08-10
212,JBMA,2018-08-10
213,JCHAC,2018-08-10
214,JINDCOT,2018-08-10
215,JINDWORLD,2018-08-10
216,JKIL,2018-08-10
217,JKLAKSHMI,2018-08-10
218,JKPAPER,2018-08-10
219,JMA,2018-08-10
220,JOCIL,2018-08-10
221,JPOLYINVST,2018-08-10
222,JTEKTINDIA,2018-08-10
223,JUBILANT,2018-08-10
224,JUBLINDS,2018-08-10
225,JYOTHYLAB,2018-08-10
226,KALPATPOWR,2018-08-10
227,KAUSHALYA,2018-08-10
228,KAYA,2018-08-10
229,KCP,2018-08-10
230,KDDL,2018-08-10
231,KEI,2018-08-10
232,KESARENT,2018-08-10
233,KESORAMIND,2018-08-10
234,KEYCORPSER,2018-08-10
235,KHADIM,2018-08-10
236,KHANDSE,2018-08-10
237,KICL,2018-08-10
238,KILITCH,2018-08-10
239,KIOCL,2018-08-10
240,KIRIINDUS,2018-08-10
241,KIRLOSBROS,2018-08-10
242,KIRLOSIND,2018-08-10
243,KMSUGAR,2018-08-10
244,KOLTEPATIL,2018-08-10
245,KOTARISUG,2018-08-10
246,KOTHARIPRO,2018-08-10
247,KPRMILL,2018-08-10
248,KRBL,2018-08-10
249,KSBPUMPS,2018-08-10
250,KSK,2018-08-10
251,LAKPRE,2018-08-10
252,LAKSHVILAS,2018-08-10
253,LALPATHLAB,2018-08-10
254,LAOPALA,2018-08-10
255,LEEL,2018-08-10
256,LIBERTSHOE,2018-08-10
257,LINCOLN,2018-08-10
258,LINCPEN,2018-08-10
259,LINDEINDIA,2018-08-10
260,LITL,2018-08-10
261,LOKESHMACH,2018-08-10
262,LOTUSEYE,2018-08-10
263,LOVABLE,2018-08-10
264,LPDC,2018-08-10
265,LSIL,2018-08-10
266,LUMAXTECH,2018-08-10
267,LYKALABS,2018-08-10
268,LYPSAGEMS,2018-08-10
269,MADHAV,2018-08-10
270,MAGADSUGAR,2018-08-10
271,MAGMA,2018-08-10
272,MAHABANK,2018-08-10
273,MAHASTEEL,2018-08-10
274,MAHINDCIE,2018-08-10
275,MAHLIFE,2018-08-10
276,MAHLOG,2018-08-10
277,MALUPAPER,2018-08-10
278,MANAKALUCO,2018-08-10
279,MANAKCOAT,2018-08-10
280,MANAKSIA,2018-08-10
281,MANGALAM,2018-08-10
282,MANGCHEFER,2018-08-10
283,MANGLMCEM,2018-08-10
284,MANGTIMBER,2018-08-10
285,MANINFRA,2018-08-10
286,MANUGRAPH,2018-08-10
287,MARATHON,2018-08-10
288,MARKSANS,2018-08-10
289,MATRIMONY,2018-08-10
290,MAZDA,2018-08-10
291,MBLINFRA,2018-08-10
292,MCDHOLDING,2018-08-10
293,MEGASOFT,2018-08-10
294,MERCK,2018-08-10
295,MINDAIND,2018-08-10
296,MINDTECK,2018-08-10
297,MIRCELECTR,2018-08-10
298,MIRZAINT,2018-08-10
299,MMFL,2018-08-10
300,MMTC,2018-08-10
301,MOHOTAIND,2018-08-10
302,MOIL,2018-08-10
303,MOLDTECH,2018-08-10
304,MOLDTKPAC,2018-08-10
305,MONSANTO,2018-08-10
306,MORARJEE,2018-08-10
307,MOTILALOFS,2018-08-10
308,MSPL,2018-08-10
309,MUNJALSHOW,2018-08-10
310,MURUDCERA,2018-08-10
311,NACLIND,2018-08-10
312,NAGAROIL,2018-08-10
313,NAGREEKCAP,2018-08-10
314,NAGREEKEXP,2018-08-10
315,NAHARCAP,2018-08-10
316,NAHARPOLY,2018-08-10
317,NAHARSPING,2018-08-10
318,NATCOPHARM,2018-08-10
319,NATHBIOGEN,2018-08-10
320,NAUKRI,2018-08-10
321,NAVINFLUOR,2018-08-10
322,NAVNETEDUL,2018-08-10
323,NBIFIN,2018-08-10
324,NELCAST,2018-08-10
325,NELCO,2018-08-10
326,NEULANDLAB,2018-08-10
327,NEWGEN,2018-08-10
328,NEXTMEDIA,2018-08-10
329,NFL,2018-08-10
330,NH,2018-08-10
331,NIACL,2018-08-10
332,NIBL,2018-08-10
333,NILKAMAL,2018-08-10
334,NIPPOBATRY,2018-08-10
335,NITINFIRE,2018-08-10
336,NITINSPIN,2018-08-10
337,NKIND,2018-08-10
338,NOCIL,2018-08-10
339,NRAIL,2018-08-10
340,NRBBEARING,2018-08-10
341,NSIL,2018-08-10
342,OBEROIRLTY,2018-08-10
343,OCCL,2018-08-10
344,OCL,2018-08-10
345,OILCOUNTUB,2018-08-10
346,OISL,2018-08-10
347,OMAXE,2018-08-10
348,OMKARCHEM,2018-08-10
349,OMMETALS,2018-08-10
350,ORICONENT,2018-08-10
351,ORIENTALTL,2018-08-10
352,ORIENTCEM,2018-08-10
353,ORIENTPPR,2018-08-10
354,ORISSAMINE,2018-08-10
355,OSWALAGRO,2018-08-10
356,PALREDTEC,2018-08-10
357,PANACEABIO,2018-08-10
358,PANAMAPET,2018-08-10
359,PARAGMILK,2018-08-10
360,PATSPINLTD,2018-08-10
361,PDPL,2018-08-10
362,PENINLAND,2018-08-10
363,PETRONENGG,2018-08-10
364,PFIZER,2018-08-10
365,PFOCUS,2018-08-10
366,PIIND,2018-08-10
367,PILITA,2018-08-10
368,PIONDIST,2018-08-10
369,PIONEEREMB,2018-08-10
370,PODDARHOUS,2018-08-10
371,POLYMED,2018-08-10
372,POLYPLEX,2018-08-10
373,PONNIERODE,2018-08-10
374,PPAP,2018-08-10
375,PRABHAT,2018-08-10
376,PRAENG,2018-08-10
377,PRAJIND,2018-08-10
378,PRAKASHCON,2018-08-10
379,PRECAM,2018-08-10
380,PRECOT,2018-08-10
381,PREMEXPLN,2018-08-10
382,PROZONINTU,2018-08-10
383,PSB,2018-08-10
384,PSL,2018-08-10
385,PTL,2018-08-10
386,PUNJABCHEM,2018-08-10
387,QUICKHEAL,2018-08-10
388,RAJESHEXPO,2018-08-10
389,RAJSREESUG,2018-08-10
390,RAMANEWS,2018-08-10
391,RAMCOIND,2018-08-10
392,RANASUG,2018-08-10
393,RATNAMANI,2018-08-10
394,RBL,2018-08-10
395,RCF,2018-08-10
396,REDINGTON,2018-08-10
397,RELAXO,2018-08-10
398,REMSONSIND,2018-08-10
399,RESPONIND,2018-08-10
400,RICOAUTO,2018-08-10
401,RIIL,2018-08-10
402,RKFORGE,2018-08-10
403,RMCL,2018-08-10
404,RNAM,2018-08-10
405,ROHITFERRO,2018-08-10
406,ROHLTD,2018-08-10
407,ROLLT,2018-08-10
408,ROLTA,2018-08-10
409,RPGLIFE,2018-08-10
410,RSWM,2018-08-10
411,RTNINFRA,2018-08-10
412,RTNPOWER,2018-08-10
413,RUCHIRA,2018-08-10
414,RUCHISOYA,2018-08-10
415,RUPA,2018-08-10
416,SABTN,2018-08-10
417,SADBHIN,2018-08-10
418,SALASAR,2018-08-10
419,SALORAINTL,2018-08-10
420,SALSTEEL,2018-08-10
421,SALZERELEC,2018-08-10
422,SAMBHAAV,2018-08-10
423,SANCO,2018-08-10
424,SANDESH,2018-08-10
425,SANDHAR,2018-08-10
426,SANGAMIND,2018-08-10
427,SANGHIIND,2018-08-10
428,SANGHVIMOV,2018-08-10
429,SANWARIA,2018-08-10
430,SAREGAMA,2018-08-10
431,SARLAPOLY,2018-08-10
432,SASKEN,2018-08-10
433,SASTASUNDR,2018-08-10
434,SATHAISPAT,2018-08-10
435,SCAPDVR,2018-08-10
436,SCHAEFFLER,2018-08-10
437,SCHAND,2018-08-10
438,SCHNEIDER,2018-08-10
439,SDBL,2018-08-10
440,SEQUENT,2018-08-10
441,SESHAPAPER,2018-08-10
442,SFL,2018-08-10
443,SHAHALLOYS,2018-08-10
444,SHAKTIPUMP,2018-08-10
445,SHALBY,2018-08-10
446,SHALPAINTS,2018-08-10
447,SHANKARA,2018-08-10
448,SHARDAMOTR,2018-08-10
449,SHILPI,2018-08-10
450,SHIVAMAUTO,2018-08-10
451,SHIVAMILLS,2018-08-10
452,SHREEPUSHK,2018-08-10
453,SHREYAS,2018-08-10
454,SHRIRAMEPC,2018-08-10
455,SHYAMCENT,2018-08-10
456,SIGNET,2018-08-10
457,SIMBHALS,2018-08-10
458,SIMPLEX,2018-08-10
459,SINTEX,2018-08-10
460,SIS,2018-08-10
461,SITINET,2018-08-10
462,SJVN,2018-08-10
463,SKIL,2018-08-10
464,SMARTLINK,2018-08-10
465,SMSPHARMA,2018-08-10
466,SOLARA,2018-08-10
467,SOMICONVEY,2018-08-10
468,SONATSOFTW,2018-08-10
469,SPAL,2018-08-10
470,SPICEMOBI,2018-08-10
471,SPMLINFRA,2018-08-10
472,SPTL,2018-08-10
473,SQSBFSI,2018-08-10
474,SREEL,2018-08-10
475,SRSLTD,2018-08-10
476,SSWL,2018-08-10
477,STARCEMENT,2018-08-10
478,STARPAPER,2018-08-10
479,STEL,2018-08-10
480,STINDIA,2018-08-10
481,STRTECH,2018-08-10
482,SUBROS,2018-08-10
483,SUDARSCHEM,2018-08-10
484,SUMMITSEC,2018-08-10
485,SUNDARMHLD,2018-08-10
486,SUNDRMBRAK,2018-08-10
487,SUNILHITEC,2018-08-10
488,SUNTECK,2018-08-10
489,SUPERSPIN,2018-08-10
490,SURYALAXMI,2018-08-10
491,SWANENERGY,2018-08-10
492,SWARAJENG,2018-08-10
493,SYMPHONY,2018-08-10
494,SYNCOM,2018-08-10
495,TAINWALCHM,2018-08-10
496,TAKE,2018-08-10
497,TALWGYM,2018-08-10
498,TATACOFFEE,2018-08-10
499,TATAINVEST,2018-08-10
500,TATAMETALI,2018-08-10
501,TBZ,2018-08-10
502,TCI,2018-08-10
503,TCIEXP,2018-08-10
504,TCIFINANCE,2018-08-10
505,TDPOWERSYS,2018-08-10
506,TEAMLEASE,2018-08-10
507,TECHNOFAB,2018-08-10
508,TEJASNET,2018-08-10
509,TEXINFRA,2018-08-10
510,TEXMOPIPES,2018-08-10
511,TFCILTD,2018-08-10
512,TGBHOTELS,2018-08-10
513,THANGAMAYL,2018-08-10
514,THERMAX,2018-08-10
515,THIRUSUGAR,2018-08-10
516,THYROCARE,2018-08-10
517,TI,2018-08-10
518,TIIL,2018-08-10
519,TIJARIA,2018-08-10
520,TIL,2018-08-10
521,TIMETECHNO,2018-08-10
522,TIPSINDLTD,2018-08-10
523,TIRUMALCHM,2018-08-10
524,TMRVL,2018-08-10
525,TNPETRO,2018-08-10
526,TREEHOUSE,2018-08-10
527,TRF,2018-08-10
528,TRIL,2018-08-10
529,TRIVENI,2018-08-10
530,TTKHLTCARE,2018-08-10
531,TTL,2018-08-10
532,TTML,2018-08-10
533,TWL,2018-08-10
534,UCOBANK,2018-08-10
535,UFO,2018-08-10
536,UMANGDAIRY,2018-08-10
537,UNICHEMLAB,2018-08-10
538,UNIENTER,2018-08-10
539,UNITEDBNK,2018-08-10
540,UNITEDTEA,2018-08-10
541,UNITY,2018-08-10
542,UNIVCABLES,2018-08-10
543,URJA,2018-08-10
544,V2RETAIL,2018-08-10
545,VADILALIND,2018-08-10
546,VASWANI,2018-08-10
547,VBL,2018-08-10
548,VENKEYS,2018-08-10
549,VENUSREM,2018-08-10
550,VHL,2018-08-10
551,VIDHIING,2018-08-10
552,VINATIORGA,2018-08-10
553,VINDHYATEL,2018-08-10
554,VINYLINDIA,2018-08-10
555,VIPIND,2018-08-10
556,VIPULLTD,2018-08-10
557,VISAKAIND,2018-08-10
558,VISESHINFO,2018-08-10
559,VISHNU,2018-08-10
560,VLSFINANCE,2018-08-10
561,VSSL,2018-08-10
562,VSTIND,2018-08-10
563,WABAG,2018-08-10
564,WELCORP,2018-08-10
565,WHIRLPOOL,2018-08-10
566,WINDMACHIN,2018-08-10
567,ZEELEARN,2018-08-10
568,ZEEMEDIA,2018-08-10
569,ZENSARTECH,2018-08-10
570,ZODIACLOTH,2018-08-10
571,ZODJRDMKJ,2018-08-10
572,ASSAMCO,2018-08-13
573,EMCO,2018-08-13
574,ERIS,2018-08-13
575,FAIRCHEM,2018-08-13
576,GESHIP,2018-08-13
577,GILLETTE,2018-08-13
578,GKWLIMITED,2018-08-13
579,GLAXO,2018-08-13
580,GLOBALVECT,2018-08-13
581,GNA,2018-08-13
582,GNFC,2018-08-13
583,GOODLUCK,2018-08-13
584,GRINDWELL,2018-08-13
585,GROBTEA,2018-08-13
586,GRPLTD,2018-08-13
587,GRUH,2018-08-13
588,GSKCONS,2018-08-13
589,GSS,2018-08-13
590,GTL,2018-08-13
591,GTNIND,2018-08-13
592,GTPL,2018-08-13
593,GUFICBIO,2018-08-13
594,GUJALKALI,2018-08-13
595,GUJGASLTD,2018-08-13
596,GULPOLY,2018-08-13
597,GVKPIL,2018-08-13
598,HATHWAY,2018-08-13
599,HBLPOWER,2018-08-13
600,HDFCLIFE,2018-08-13
601,HEG,2018-08-13
602,HESTERBIO,2018-08-13
603,HILTON,2018-08-13
604,HINDCOMPOS,2018-08-13
605,HITECH,2018-08-13
606,HONAUT,2018-08-13
607,HONDAPOWER,2018-08-13
608,HOTELEELA,2018-08-13
609,HOVS,2018-08-13
610,HUDCO,2018-08-13
611,IITL,2018-08-13
612,INDIANCARD,2018-08-13
613,INDORAMA,2018-08-13
614,INDOTHAI,2018-08-13
615,INDRAMEDCO,2018-08-13
616,INDSWFTLTD,2018-08-13
617,INOXWIND,2018-08-13
618,INSECTICID,2018-08-13
619,INTENTECH,2018-08-13
620,IOB,2018-08-13
621,IPCALAB,2018-08-13
622,ISMTLTD,2018-08-13
623,ITDC,2018-08-13
624,IVP,2018-08-13
625,IZMO,2018-08-13
626,J&KBANK,2018-08-13
627,JAYBARMARU,2018-08-13
628,JAYNECOIND,2018-08-13
629,JBCHEPHARM,2018-08-13
630,JHS,2018-08-13
631,JINDALPHOT,2018-08-13
632,JINDALPOLY,2018-08-13
633,JINDALSAW,2018-08-13
634,JINDRILL,2018-08-13
635,JKCEMENT,2018-08-13
636,JKTYRE,2018-08-13
637,JMCPROJECT,2018-08-13
638,JMFINANCIL,2018-08-13
639,JPPOWER,2018-08-13
640,JSLHISAR,2018-08-13
641,JSWENERGY,2018-08-13
642,JSWHL,2018-08-13
643,JVLAGRO,2018-08-13
644,KABRAEXTRU,2018-08-13
645,KAKATCEM,2018-08-13
646,KAMATHOTEL,2018-08-13
647,KAMDHENU,2018-08-13
648,KANANIIND,2018-08-13
649,KANORICHEM,2018-08-13
650,KANSAINER,2018-08-13
651,KARDA,2018-08-13
652,KAVVERITEL,2018-08-13
653,KCPSUGIND,2018-08-13
654,KEC,2018-08-13
655,KECL,2018-08-13
656,KELLTONTEC,2018-08-13
657,KIRLOSENG,2018-08-13
658,KITEX,2018-08-13
659,KKCL,2018-08-13
660,KOHINOOR,2018-08-13
661,KOKUYOCMLN,2018-08-13
662,KOPRAN,2018-08-13
663,KRIDHANINF,2018-08-13
664,KSL,2018-08-13
665,KTIL,2018-08-13
666,KWALITY,2018-08-13
667,LAKSHMIEFL,2018-08-13
668,LASA,2018-08-13
669,LAXMIMACH,2018-08-13
670,LEMONTREE,2018-08-13
671,LGBBROSLTD,2018-08-13
672,LTI,2018-08-13
673,LTTS,2018-08-13
674,LUMAXIND,2018-08-13
675,LYCOS,2018-08-13
676,MAHSCOOTER,2018-08-13
677,MAHSEAMLES,2018-08-13
678,MAJESCO,2018-08-13
679,MANALIPETC,2018-08-13
680,MANPASAND,2018-08-13
681,MARALOVER,2018-08-13
682,MASFIN,2018-08-13
683,MASTEK,2018-08-13
684,MAXINDIA,2018-08-13
685,MAYURUNIQ,2018-08-13
686,MCLEODRUSS,2018-08-13
687,MEGH,2018-08-13
688,MENONBE,2018-08-13
689,MEP,2018-08-13
690,MERCATOR,2018-08-13
691,MHRIL,2018-08-13
692,MINDACORP,2018-08-13
693,MOHITIND,2018-08-13
694,MONTECARLO,2018-08-13
695,MOREPENLAB,2018-08-13
696,MPHASIS,2018-08-13
697,MPSLTD,2018-08-13
698,MRO-TEK,2018-08-13
699,MUKANDLTD,2018-08-13
700,MUTHOOTCAP,2018-08-13
701,MVL,2018-08-13
702,NAHARINDUS,2018-08-13
703,NCLIND,2018-08-13
704,NDGL,2018-08-13
705,NDL,2018-08-13
706,NECCLTD,2018-08-13
707,NECLIFE,2018-08-13
708,NESCO,2018-08-13
709,NILAINFRA,2018-08-13
710,NLCINDIA,2018-08-13
711,NUCLEUS,2018-08-13
712,ONMOBILE,2018-08-13
713,ONWARDTEC,2018-08-13
714,ORBTEXP,2018-08-13
715,ORIENTABRA,2018-08-13
716,ORIENTBELL,2018-08-13
717,ORIENTELEC,2018-08-13
718,ORIENTHOT,2018-08-13
719,ORIENTLTD,2018-08-13
720,ORTINLABSS,2018-08-13
721,PALASHSECU,2018-08-13
722,PAPERPROD,2018-08-13
723,PARABDRUGS,2018-08-13
724,PARACABLES,2018-08-13
725,PARSVNATH,2018-08-13
726,PATINTLOG,2018-08-13
727,PBAINFRA,2018-08-13
728,PDMJEPAPER,2018-08-13
729,PDSMFL,2018-08-13
730,PENIND,2018-08-13
731,PENPEBS,2018-08-13
732,PFS,2018-08-13
733,PGEL,2018-08-13
734,PGHH,2018-08-13
735,PHILIPCARB,2018-08-13
736,PITTIENG,2018-08-13
737,PLASTIBLEN,2018-08-13
738,PNBGILTS,2018-08-13
739,PNC,2018-08-13
740,POCHIRAJU,2018-08-13
741,POKARNA,2018-08-13
742,PRAXIS,2018-08-13
743,PREMIER,2018-08-13
744,PRESTIGE,2018-08-13
745,PRICOLLTD,2018-08-13
746,PRIMESECU,2018-08-13
747,PROVOGE,2018-08-13
748,PRSMJOHNSN,2018-08-13
749,PVP,2018-08-13
750,QUESS,2018-08-13
751,RADICO,2018-08-13
752,RAJTV,2018-08-13
753,RALLIS,2018-08-13
754,RAMASTEEL,2018-08-13
755,RAMCOSYS,2018-08-13
756,RAMKY,2018-08-13
757,RANEHOLDIN,2018-08-13
758,REFEX,2018-08-13
759,RENUKA,2018-08-13
760,REPRO,2018-08-13
761,REVATHI,2018-08-13
762,RHFL,2018-08-13
763,RJL,2018-08-13
764,RKDL,2018-08-13
765,RML,2018-08-13
766,RSSOFTWARE,2018-08-13
767,RSYSTEMS,2018-08-13
768,RUBYMILLS,2018-08-13
769,RUSHIL,2018-08-13
770,SAKSOFT,2018-08-13
771,SAKUMA,2018-08-13
772,SANGHVIFOR,2018-08-13
773,SANOFI,2018-08-13
774,SARDAEN,2018-08-13
775,SATIN,2018-08-13
776,SBILIFE,2018-08-13
777,SELAN,2018-08-13
778,SEPOWER,2018-08-13
779,SGL,2018-08-13
780,SHANTIGEAR,2018-08-13
781,SHEMAROO,2018-08-13
782,SHIRPUR-G,2018-08-13
783,SHK,2018-08-13
784,SHOPERSTOP,2018-08-13
785,SHREERAMA,2018-08-13
786,SHREYANIND,2018-08-13
787,SHRIRAMCIT,2018-08-13
788,SHYAMTEL,2018-08-13
789,SICAL,2018-08-13
790,SILINV,2018-08-13
791,SIMPLEXINF,2018-08-13
792,SKMEGGPROD,2018-08-13
793,SMSLIFE,2018-08-13
794,SOBHA,2018-08-13
795,SOMANYCERA,2018-08-13
796,SOMATEX,2018-08-13
797,SORILINFRA,2018-08-13
798,SOTL,2018-08-13
799,SPECIALITY,2018-08-13
800,SPIC,2018-08-13
801,SRHHYPOLTD,2018-08-13
802,SRIPIPES,2018-08-13
803,STAMPEDE,2018-08-13
804,STCINDIA,2018-08-13
805,STEELXIND,2018-08-13
806,STERTOOLS,2018-08-13
807,SUBEX,2018-08-13
808,SUNCLAYLTD,2018-08-13
809,SUNDARAM,2018-08-13
810,SUNDARMFIN,2018-08-13
811,SUPERHOUSE,2018-08-13
812,SUPRAJIT,2018-08-13
813,SUPREMEIND,2018-08-13
814,SURANASOL,2018-08-13
815,SURYAROSNI,2018-08-13
816,SUTLEJTEX,2018-08-13
817,SUVEN,2018-08-13
818,SYNGENE,2018-08-13
819,TAJGVK,2018-08-13
820,TALBROAUTO,2018-08-13
821,TALWALKARS,2018-08-13
822,TARAJEWELS,2018-08-13
823,TASTYBITE,2018-08-13
824,TCIDEVELOP,2018-08-13
825,TCPLPACK,2018-08-13
826,TERASOFT,2018-08-13
827,TEXRAIL,2018-08-13
828,THEMISMED,2018-08-13
829,THOMASCOOK,2018-08-13
830,TIDEWATER,2018-08-13
831,TIFIN,2018-08-13
832,TIINDIA,2018-08-13
833,TIMESGTY,2018-08-13
834,TIMKEN,2018-08-13
835,TINPLATE,2018-08-13
836,TNPL,2018-08-13
837,TOKYOPLAST,2018-08-13
838,TPLPLASTEH,2018-08-13
839,TRENT,2018-08-13
840,TRIDENT,2018-08-13
841,TRITURBINE,2018-08-13
842,TVSSRICHAK,2018-08-13
843,UCALFUEL,2018-08-13
844,UFLEX,2018-08-13
845,UJAAS,2018-08-13
846,USHAMART,2018-08-13
847,USHERAGRO,2018-08-13
848,UTTAMSTL,2018-08-13
849,VAIBHAVGBL,2018-08-13
850,VAKRANGEE,2018-08-13
851,VARDMNPOLY,2018-08-13
852,VARROC,2018-08-13
853,VASCONEQ,2018-08-13
854,VESUVIUS,2018-08-13
855,VETO,2018-08-13
856,VICEROY,2018-08-13
857,VIJAYABANK,2018-08-13
858,VIJSHAN,2018-08-13
859,VIKASECO,2018-08-13
860,VIVIMEDLAB,2018-08-13
861,VMART,2018-08-13
862,VOLTAMP,2018-08-13
863,VRLLOG,2018-08-13
864,VTL,2018-08-13
865,WABCOINDIA,2018-08-13
866,WEIZFOREX,2018-08-13
867,WEIZMANIND,2018-08-13
868,WELSPUNIND,2018-08-13
869,WENDT,2018-08-13
870,WONDERLA,2018-08-13
871,WSTCSTPAPR,2018-08-13
872,XCHANGING,2018-08-13
873,ZICOM,2018-08-13
874,ZUARIGLOB,2018-08-13
875,ZYDUSWELL,2018-08-13
876,ARENTERP,2018-08-14
877,GAIL,2018-08-14
878,GHCL,2018-08-14
879,GLENMARK,2018-08-14
880,GLOBUSSPR,2018-08-14
881,GMRINFRA,2018-08-14
882,GODFRYPHLP,2018-08-14
883,GODREJCP,2018-08-14
884,GODREJIND,2018-08-14
885,GODREJPROP,2018-08-14
886,GOLDTECH,2018-08-14
887,GPPL,2018-08-14
888,GRANULES,2018-08-14
889,GRASIM,2018-08-14
890,GSFC,2018-08-14
891,GULFOILLUB,2018-08-14
892,GULFPETRO,2018-08-14
893,HARRMALAYA,2018-08-14
894,HAVELLS,2018-08-14
895,HBSL,2018-08-14
896,HCC,2018-08-14
897,HCLTECH,2018-08-14
898,HERITGFOOD,2018-08-14
899,HEROMOTOCO,2018-08-14
900,HEXAWARE,2018-08-14
901,HGINFRA,2018-08-14
902,HGS,2018-08-14
903,HINDALCO,2018-08-14
904,HINDOILEXP,2018-08-14
905,HINDPETRO,2018-08-14
906,HINDUJAVEN,2018-08-14
907,HINDUNILVR,2018-08-14
908,HINDZINC,2018-08-14
909,HISARMETAL,2018-08-14
910,HPL,2018-08-14
911,HTMEDIA,2018-08-14
912,IBULHSGFIN,2018-08-14
913,ICICIBANK,2018-08-14
914,ICICIPRULI,2018-08-14
915,IDBI,2018-08-14
916,IDEA,2018-08-14
917,IDFC,2018-08-14
918,IDFCBANK,2018-08-14
919,IFBAGRO,2018-08-14
920,IFCI,2018-08-14
921,IGL,2018-08-14
922,IL&FSENGG,2018-08-14
923,IMPAL,2018-08-14
924,INDIACEM,2018-08-14
925,INDIANB,2018-08-14
926,INDIGO,2018-08-14
927,INDOSOLAR,2018-08-14
928,INDUSINDBK,2018-08-14
929,INFIBEAM,2018-08-14
930,INFRATEL,2018-08-14
931,INFY,2018-08-14
932,IOC,2018-08-14
933,IRB,2018-08-14
934,ITC,2018-08-14
935,JAMNAAUTO,2018-08-14
936,JAYAGROGN,2018-08-14
937,JAYSREETEA,2018-08-14
938,JETAIRWAYS,2018-08-14
939,JINDALSTEL,2018-08-14
940,JISLDVREQS,2018-08-14
941,JISLJALEQS,2018-08-14
942,JPASSOCIAT,2018-08-14
943,JSL,2018-08-14
944,JSWSTEEL,2018-08-14
945,JUBLFOOD,2018-08-14
946,JUSTDIAL,2018-08-14
947,KAJARIACER,2018-08-14
948,KARMAENG,2018-08-14
949,KARURVYSYA,2018-08-14
950,KHAITANLTD,2018-08-14
951,KINGFA,2018-08-14
952,KNRCON,2018-08-14
953,KOTAKBANK,2018-08-14
954,KOTHARIPET,2018-08-14
955,KPIT,2018-08-14
956,KSCL,2018-08-14
957,KTKBANK,2018-08-14
958,L&TFH,2018-08-14
959,LAMBODHARA,2018-08-14
960,LAURUSLABS,2018-08-14
961,LICHSGFIN,2018-08-14
962,LT,2018-08-14
963,LUPIN,2018-08-14
964,LUXIND,2018-08-14
965,M&M,2018-08-14
966,M&MFIN,2018-08-14
967,MAANALU,2018-08-14
968,MADRASFERT,2018-08-14
969,MAGNUM,2018-08-14
970,MAITHANALL,2018-08-14
971,MANAKSTEEL,2018-08-14
972,MANAPPURAM,2018-08-14
973,MANINDS,2018-08-14
974,MARICO,2018-08-14
975,MARUTI,2018-08-14
976,MCDOWELL-N,2018-08-14
977,MCX,2018-08-14
978,METKORE,2018-08-14
979,MFSL,2018-08-14
980,MGL,2018-08-14
981,MIC,2018-08-14
982,MIDHANI,2018-08-14
983,MINDTREE,2018-08-14
984,MOTHERSUMI,2018-08-14
985,MRF,2018-08-14
986,MRPL,2018-08-14
987,MTEDUCARE,2018-08-14
988,MTNL,2018-08-14
989,MUKANDENGG,2018-08-14
990,MUKTAARTS,2018-08-14
991,MUNJALAU,2018-08-14
992,MUTHOOTFIN,2018-08-14
993,NAGAFERT,2018-08-14
994,NATIONALUM,2018-08-14
995,NATNLSTEEL,2018-08-14
996,NAVKARCORP,2018-08-14
997,NBCC,2018-08-14
998,NBVENTURES,2018-08-14
999,NCC,2018-08-14
1000,NESTLEIND,2018-08-14
1001,NETWORK18,2018-08-14
1002,NHPC,2018-08-14
1003,NIITLTD,2018-08-14
1004,NIITTECH,2018-08-14
1005,NITCO,2018-08-14
1006,NITESHEST,2018-08-14
1007,NMDC,2018-08-14
1008,NOIDATOLL,2018-08-14
1009,NTPC,2018-08-14
1010,NUTEK,2018-08-14
1011,OFSS,2018-08-14
1012,OIL,2018-08-14
1013,OMAXAUTO,2018-08-14
1014,ONELIFECAP,2018-08-14
1015,ONGC,2018-08-14
1016,ORIENTBANK,2018-08-14
1017,ORIENTREF,2018-08-14
1018,PAGEIND,2018-08-14
1019,PATELENG,2018-08-14
1020,PCJEWELLER,2018-08-14
1021,PEARLPOLY,2018-08-14
1022,PEL,2018-08-14
1023,PERSISTENT,2018-08-14
1024,PETRONET,2018-08-14
1025,PFC,2018-08-14
1026,PGIL,2018-08-14
1027,PHOENIXLTD,2018-08-14
1028,PIDILITIND,2018-08-14
1029,PNB,2018-08-14
1030,PNBHOUSING,2018-08-14
1031,PNCINFRA,2018-08-14
1032,PODDARMENT,2018-08-14
1033,POWERGRID,2018-08-14
1034,POWERMECH,2018-08-14
1035,PRAKASH,2018-08-14
1036,PRECWIRE,2018-08-14
1037,PREMIERPOL,2018-08-14
1038,PRESSMN,2018-08-14
1039,PSPPROJECT,2018-08-14
1040,PTC,2018-08-14
1041,PUNJLLOYD,2018-08-14
1042,PURVA,2018-08-14
1043,RADAAN,2018-08-14
1044,RADIOCITY,2018-08-14
1045,RAMCOCEM,2018-08-14
1046,RAYMOND,2018-08-14
1047,RBLBANK,2018-08-14
1048,RCOM,2018-08-14
1049,RECLTD,2018-08-14
1050,RELCAPITAL,2018-08-14
1051,RELIANCE,2018-08-14
1052,RELIGARE,2018-08-14
1053,RELINFRA,2018-08-14
1054,REPCOHOME,2018-08-14
1055,RITES,2018-08-14
1056,RNAVAL,2018-08-14
1057,ROSSELLIND,2018-08-14
1058,RPOWER,2018-08-14
1059,RPPINFRA,2018-08-14
1060,SADBHAV,2018-08-14
1061,SAGCEM,2018-08-14
1062,SAIL,2018-08-14
1063,SAKHTISUG,2018-08-14
1064,SALONA,2018-08-14
1065,SBIN,2018-08-14
1066,SEAMECLTD,2018-08-14
1067,SELMCL,2018-08-14
1068,SETCO,2018-08-14
1069,SHARDACROP,2018-08-14
1070,SHILPAMED,2018-08-14
1071,SHIVATEX,2018-08-14
1072,SHREECEM,2018-08-14
1073,SIEMENS,2018-08-14
1074,SIYSIL,2018-08-14
1075,SKFINDIA,2018-08-14
1076,SKIPPER,2018-08-14
1077,SMLISUZU,2018-08-14
1078,SNOWMAN,2018-08-14
1079,SOLARINDS,2018-08-14
1080,SOUTHBANK,2018-08-14
1081,SPARC,2018-08-14
1082,SPENTEX,2018-08-14
1083,SPLIL,2018-08-14
1084,SREINFRA,2018-08-14
1085,SRF,2018-08-14
1086,SRTRANSFIN,2018-08-14
1087,STAR,2018-08-14
1088,SUNDRMFAST,2018-08-14
1089,SUNFLAG,2018-08-14
1090,SUNPHARMA,2018-08-14
1091,SUNTV,2018-08-14
1092,SUPPETRO,2018-08-14
1093,SURANAT&P,2018-08-14
1094,SUZLON,2018-08-14
1095,SWELECTES,2018-08-14
1096,SYNDIBANK,2018-08-14
1097,TARMAT,2018-08-14
1098,TATACHEM,2018-08-14
1099,TATACOMM,2018-08-14
1100,TATAELXSI,2018-08-14
1101,TATAGLOBAL,2018-08-14
1102,TATAMOTORS,2018-08-14
1103,TATAMTRDVR,2018-08-14
1104,TATAPOWER,2018-08-14
1105,TATASPONGE,2018-08-14
1106,TATASTEEL,2018-08-14
1107,TCNSBRANDS,2018-08-14
1108,TCS,2018-08-14
1109,TECHM,2018-08-14
1110,TITAN,2018-08-14
1111,TORNTPHARM,2018-08-14
1112,TORNTPOWER,2018-08-14
1113,TRIGYN,2018-08-14
1114,TTKPRESTIG,2018-08-14
1115,TV18BRDCST,2018-08-14
1116,TVSELECT,2018-08-14
1117,TVSMOTOR,2018-08-14
1118,TVTODAY,2018-08-14
1119,TVVISION,2018-08-14
1120,UBL,2018-08-14
1121,UGARSUGAR,2018-08-14
1122,UJJIVAN,2018-08-14
1123,ULTRACEMCO,2018-08-14
1124,UNIONBANK,2018-08-14
1125,UNIPLY,2018-08-14
1126,UNITECH,2018-08-14
1127,UPL,2018-08-14
1128,UTTAMSUGAR,2018-08-14
1129,VARDHACRLC,2018-08-14
1130,VEDL,2018-08-14
1131,VGUARD,2018-08-14
1132,VIJIFIN,2018-08-14
1133,VIMTALABS,2018-08-14
1134,VIPCLOTHNG,2018-08-14
1135,VISASTEEL,2018-08-14
1136,VIVIDHA,2018-08-14
1137,VOLTAS,2018-08-14
1138,WALCHANNAG,2018-08-14
1139,WEBELSOLAR,2018-08-14
1140,WELENT,2018-08-14
1141,WELINV,2018-08-14
1142,WILLAMAGOR,2018-08-14
1143,WIPRO,2018-08-14
1144,WOCKPHARMA,2018-08-14
1145,XPROINDIA,2018-08-14
1146,YESBANK,2018-08-14
1147,ZEEL,2018-08-14
1148,ZENTEC,2018-08-14
1149,ZUARI,2018-08-14
1150,ALMONDZ,2018-08-16
1151,BURNPUR,2018-08-16
1152,CHROMATIC,2018-08-16
1153,CNOVAPETRO,2018-08-16
1154,DHARSUGAR,2018-08-16
1155,DBSTOCKBRO,2018-08-21
1156,DCMFINSERV,2018-08-24
1157,8KMILES,2018-08-27
1158,AGCNET,2018-08-29
1159,AGLSL,2018-08-29
1160,AGRITECH,2018-08-29
1161,AHLEAST,2018-08-29
1162,AHLUCONT,2018-08-29
1163,AHLWEST,2018-08-29
1164,AIAENG,2018-08-29
1165,AIFL,2018-08-29
1166,AJANTPHARM,2018-08-29
1167,AJMERA,2018-08-29
1168,AKSHARCHEM,2018-08-29
1169,AKSHOPTFBR,2018-08-29
1170,AKZOINDIA,2018-08-29
1171,ALANKIT,2018-08-29
1172,ALBERTDAVD,2018-08-29
1173,ALBK,2018-08-29
1174,ALEMBICLTD,2018-08-29
1175,ALICON,2018-08-29
1176,ALKALI,2018-08-29
1177,ALKEM,2018-08-29
1178,ALKYLAMINE,2018-08-29
1179,ALLCARGO,2018-08-29
1180,ALLSEC,2018-08-29
1181,ALPA,2018-08-29
1182,ALPHAGEO,2018-08-29
1183,AMARAJABAT,2018-08-29
1184,AMBER,2018-08-29
1185,AMBIKCO,2018-08-29
1186,AMJLAND,2018-08-29
1187,AMRUTANJAN,2018-08-29
1188,ANANTRAJ,2018-08-29
1189,ANDHRABANK,2018-08-29
1190,ANDHRACEMT,2018-08-29
1191,ANDHRSUGAR,2018-08-29
1192,ANIKINDS,2018-08-29
1193,ANSALAPI,2018-08-29
1194,ANSALHSG,2018-08-29
1195,APARINDS,2018-08-29
1196,APCL,2018-08-29
1197,APCOTEXIND,2018-08-29
1198,APEX,2018-08-29
1199,APLAPOLLO,2018-08-29
1200,APLLTD,2018-08-29
1201,APOLLO,2018-08-29
1202,APOLLOHOSP,2018-08-29
1203,APOLLOTYRE,2018-08-29
1204,APOLSINHOT,2018-08-29
1205,APTECHT,2018-08-29
1206,ARCHIDPLY,2018-08-29
1207,ARCHIES,2018-08-29
1208,ARIES,2018-08-29
1209,ARIHANT,2018-08-29
1210,ARIHANTSUP,2018-08-29
1211,ARMANFIN,2018-08-29
1212,AROGRANITE,2018-08-29
1213,ARROWGREEN,2018-08-29
1214,ARROWTEX,2018-08-29
1215,ARSHIYA,2018-08-29
1216,ARSSINFRA,2018-08-29
1217,ARVIND,2018-08-29
1218,ARVSMART,2018-08-29
1219,ASAHIINDIA,2018-08-29
1220,ASAHISONG,2018-08-29
1221,ASAL,2018-08-29
1222,ASHAPURMIN,2018-08-29
1223,ASHIANA,2018-08-29
1224,ASHIMASYN,2018-08-29
1225,ASHOKA,2018-08-29
1226,ASHOKLEY,2018-08-29
1227,ASIANHOTNR,2018-08-29
1228,ASIANPAINT,2018-08-29
1229,ASIANTILES,2018-08-29
1230,ASPINWALL,2018-08-29
1231,ASTEC,2018-08-29
1232,ASTERDM,2018-08-29
1233,ASTRAL,2018-08-29
1234,ASTRAMICRO,2018-08-29
1235,ASTRAZEN,2018-08-29
1236,ASTRON,2018-08-29
1237,ATFL,2018-08-29
1238,ATLANTA,2018-08-29
1239,ATULAUTO,2018-08-29
1240,AUBANK,2018-08-29
1241,AUROPHARMA,2018-08-29
1242,AUSOMENT,2018-08-29
1243,AUTOAXLES,2018-08-29
1244,AUTOIND,2018-08-29
1245,AUTOLITIND,2018-08-29
1246,AVADHSUGAR,2018-08-29
1247,AVANTIFEED,2018-08-29
1248,AVTNPL,2018-08-29
1249,AXISBANK,2018-08-29
1250,AXISCADES,2018-08-29
1251,AYMSYNTEX,2018-08-29
1252,BAFNAPHARM,2018-08-29
1253,BAGFILMS,2018-08-29
1254,BAJAJ-AUTO,2018-08-29
1255,BAJAJCORP,2018-08-29
1256,BAJAJELEC,2018-08-29
1257,BAJAJFINSV,2018-08-29
1258,BAJAJHIND,2018-08-29
1259,BAJAJHLDNG,2018-08-29
1260,BAJFINANCE,2018-08-29
1261,BALAJITELE,2018-08-29
1262,BALAMINES,2018-08-29
1263,BALKRISHNA,2018-08-29
1264,BALKRISIND,2018-08-29
1265,BALLARPUR,2018-08-29
1266,BALMLAWRIE,2018-08-29
1267,BALPHARMA,2018-08-29
1268,BALRAMCHIN,2018-08-29
1269,BANARBEADS,2018-08-29
1270,BANARISUG,2018-08-29
1271,BANCOINDIA,2018-08-29
1272,BANDHANBNK,2018-08-29
1273,BANG,2018-08-29
1274,BANKBARODA,2018-08-29
1275,BANKINDIA,2018-08-29
1276,BANSWRAS,2018-08-29
1277,BARTRONICS,2018-08-29
1278,BASF,2018-08-29
1279,BASML,2018-08-29
1280,BATAINDIA,2018-08-29
1281,BAYERCROP,2018-08-29
1282,BBL,2018-08-29
1283,BBTC,2018-08-29
1284,BDL,2018-08-29
1285,BEARDSELL,2018-08-29
1286,BEDMUTHA,2018-08-29
1287,BEL,2018-08-29
1288,BEML,2018-08-29
1289,BEPL,2018-08-29
1290,BERGEPAINT,2018-08-29
1291,BFINVEST,2018-08-29
1292,BFUTILITIE,2018-08-29
1293,BGRENERGY,2018-08-29
1294,BHAGERIA,2018-08-29
1295,BHAGYAPROP,2018-08-29
1296,BHANDARI,2018-08-29
1297,BHARATFIN,2018-08-29
1298,BHARATFORG,2018-08-29
1299,BHARATGEAR,2018-08-29
1300,BHARATRAS,2018-08-29
1301,BHARATWIRE,2018-08-29
1302,BHARTIARTL,2018-08-29
1303,BHEL,2018-08-29
1304,BHUSANSTL,2018-08-29
1305,BIGBLOC,2018-08-29
1306,BIL,2018-08-29
1307,BINANIIND,2018-08-29
1308,BINDALAGRO,2018-08-29
1309,BIOCON,2018-08-29
1310,BIRLACABLE,2018-08-29
1311,BIRLACORPN,2018-08-29
1312,BIRLAMONEY,2018-08-29
1313,BKMINDST,2018-08-29
1314,BLBLIMITED,2018-08-29
1315,BLISSGVS,2018-08-29
1316,BLKASHYAP,2018-08-29
1317,BLS,2018-08-29
1318,BLUEBLENDS,2018-08-29
1319,BLUEDART,2018-08-29
1320,BLUESTARCO,2018-08-29
1321,BODALCHEM,2018-08-29
1322,BOROSIL,2018-08-29
1323,BOSCHLTD,2018-08-29
1324,BPCL,2018-08-29
1325,BPL,2018-08-29
1326,BRIGADE,2018-08-29
1327,BRITANNIA,2018-08-29
1328,BRNL,2018-08-29
1329,BROOKS,2018-08-29
1330,BSE,2018-08-29
1331,BSELINFRA,2018-08-29
1332,BSL,2018-08-29
1333,BUTTERFLY,2018-08-29
1334,BYKE,2018-08-29
1335,CADILAHC,2018-08-29
1336,CAMLINFINE,2018-08-29
1337,CANBK,2018-08-29
1338,CANDC,2018-08-29
1339,CANFINHOME,2018-08-29
1340,CANTABIL,2018-08-29
1341,CAPACITE,2018-08-29
1342,CAPF,2018-08-29
1343,CAPLIPOINT,2018-08-29
1344,CAPTRUST,2018-08-29
1345,CARBORUNIV,2018-08-29
1346,CAREERP,2018-08-29
1347,CARERATING,2018-08-29
1348,CASTROLIND,2018-08-29
1349,CCCL,2018-08-29
1350,CCHHL,2018-08-29
1351,CCL,2018-08-29
1352,CDSL,2018-08-29
1353,CEATLTD,2018-08-29
1354,CEBBCO,2018-08-29
1355,CELEBRITY,2018-08-29
1356,CELESTIAL,2018-08-29
1357,CENTENKA,2018-08-29
1358,CENTEXT,2018-08-29
1359,CENTRALBK,2018-08-29
1360,CENTRUM,2018-08-29
1361,CENTUM,2018-08-29
1362,CENTURYPLY,2018-08-29
1363,CENTURYTEX,2018-08-29
1364,CERA,2018-08-29
1365,CEREBRAINT,2018-08-29
1366,CESC,2018-08-29
1367,CGCL,2018-08-29
1368,CGPOWER,2018-08-29
1369,CHAMBLFERT,2018-08-29
1370,CHEMFAB,2018-08-29
1371,CHENNPETRO,2018-08-29
1372,CHOLAFIN,2018-08-29
1373,CIGNITITEC,2018-08-29
1374,CIMMCO,2018-08-29
1375,CINELINE,2018-08-29
1376,CIPLA,2018-08-29
1377,CLEDUCATE,2018-08-29
1378,CLNINDIA,2018-08-29
1379,CMICABLES,2018-08-29
1380,COALINDIA,2018-08-29
1381,COCHINSHIP,2018-08-29
1382,COFFEEDAY,2018-08-29
1383,COLPAL,2018-08-29
1384,COMPINFO,2018-08-29
1385,COMPUSOFT,2018-08-29
1386,CONCOR,2018-08-29
1387,CONSOFINVT,2018-08-29
1388,CONTROLPR,2018-08-29
1389,CORALFINAC,2018-08-29
1390,CORDSCABLE,2018-08-29
1391,COROMANDEL,2018-08-29
1392,CORPBANK,2018-08-29
1393,COSMOFILMS,2018-08-29
1394,COUNCODOS,2018-08-29
1395,COX&KINGS,2018-08-29
1396,CREATIVEYE,2018-08-29
1397,CREST,2018-08-29
1398,CRISIL,2018-08-29
1399,CROMPTON,2018-08-29
1400,CTE,2018-08-29
1401,CUB,2018-08-29
1402,CUBEXTUB,2018-08-29
1403,CUMMINSIND,2018-08-29
1404,CUPID,2018-08-29
1405,CYBERMEDIA,2018-08-29
1406,CYBERTECH,2018-08-29
1407,CYIENT,2018-08-29
1408,DAAWAT,2018-08-29
1409,DABUR,2018-08-29
1410,DALMIABHA,2018-08-29
1411,DALMIASUG,2018-08-29
1412,DAMODARIND,2018-08-29
1413,DATAMATICS,2018-08-29
1414,DBCORP,2018-08-29
1415,DBL,2018-08-29
1416,DBREALTY,2018-08-29
1417,DCAL,2018-08-29
1418,DCBBANK,2018-08-29
1419,DCM,2018-08-29
1420,DCMSHRIRAM,2018-08-29
1421,DCW,2018-08-29
1422,DECCANCE,2018-08-29
1423,DEEPAKFERT,2018-08-29
1424,DEEPAKNTR,2018-08-29
1425,DEEPIND,2018-08-29
1426,DELTACORP,2018-08-29
1427,DELTAMAGNT,2018-08-29
1428,DEN,2018-08-29
1429,DENABANK,2018-08-29
1430,DENORA,2018-08-29
1431,DFMFOODS,2018-08-29
1432,DHAMPURSUG,2018-08-29
1433,DHANBANK,2018-08-29
1434,DHANUKA,2018-08-29
1435,DHFL,2018-08-29
1436,DHUNINV,2018-08-29
1437,DIAMONDYD,2018-08-29
1438,DICIND,2018-08-29
1439,DIGJAMLTD,2018-08-29
1440,DISHTV,2018-08-29
1441,DIVISLAB,2018-08-29
1442,DIXON,2018-08-29
1443,DLF,2018-08-29
1444,DLINKINDIA,2018-08-29
1445,DMART,2018-08-29
1446,DNAMEDIA,2018-08-29
1447,DOLLAR,2018-08-29
1448,DOLPHINOFF,2018-08-29
1449,DONEAR,2018-08-29
1450,DPL,2018-08-29
1451,DPSCLTD,2018-08-29
1452,DQE,2018-08-29
1453,DREDGECORP,2018-08-29
1454,DRREDDY,2018-08-29
1455,DSSL,2018-08-29
1456,DTIL,2018-08-29
1457,DUCON,2018-08-29
1458,DYNAMATECH,2018-08-29
1459,DYNPRO,2018-08-29
1460,EASTSILK,2018-08-29
1461,ECEIND,2018-08-29
1462,ECLERX,2018-08-29
1463,EDELWEISS,2018-08-29
1464,EDL,2018-08-29
1465,EICHERMOT,2018-08-29
1466,EIDPARRY,2018-08-29
1467,EIHAHOTELS,2018-08-29
1468,EIHOTEL,2018-08-29
1469,EIMCOELECO,2018-08-29
1470,EKC,2018-08-29
1471,ELAND,2018-08-29
1472,ELECON,2018-08-29
1473,ELECTCAST,2018-08-29
1474,ELECTHERM,2018-08-29
1475,ELGIEQUIP,2018-08-29
1476,ELGIRUBCO,2018-08-29
1477,EMAMILTD,2018-08-29
1478,EMKAY,2018-08-29
1479,EMMBI,2018-08-29
1480,ENDURANCE,2018-08-29
1481,ENERGYDEV,2018-08-29
1482,ENGINERSIN,2018-08-29
1483,ENIL,2018-08-29
1484,EON,2018-08-29
1485,EQUITAS,2018-08-29
1486,EROSMEDIA,2018-08-29
1487,ESABINDIA,2018-08-29
1488,ESCORTS,2018-08-29
1489,ESSARSHPNG,2018-08-29
1490,ESSDEE,2018-08-29
1491,ESSELPACK,2018-08-29
1492,ESTER,2018-08-29
1493,EUROTEXIND,2018-08-29
1494,EVEREADY,2018-08-29
1495,EVERESTIND,2018-08-29
1496,EXCEL,2018-08-29
1497,EXCELCROP,2018-08-29
1498,EXCELINDUS,2018-08-29
1499,EXIDEIND,2018-08-29
1500,FACT,2018-08-29
1501,FCL,2018-08-29
1502,FCONSUMER,2018-08-29
1503,FCSSOFT,2018-08-29
1504,FDC,2018-08-29
1505,FEDDERELEC,2018-08-29
1506,FEDERALBNK,2018-08-29
1507,FEL,2018-08-29
1508,FELDVR,2018-08-29
1509,FIEMIND,2018-08-29
1510,FILATEX,2018-08-29
1511,FINCABLES,2018-08-29
1512,FINEORG,2018-08-29
1513,FINPIPE,2018-08-29
1514,FLEXITUFF,2018-08-29
1515,FLFL,2018-08-29
1516,FMGOETZE,2018-08-29
1517,FMNL,2018-08-29
1518,FORTIS,2018-08-29
1519,FOSECOIND,2018-08-29
1520,FRETAIL,2018-08-29
1521,FSC,2018-08-29
1522,FSL,2018-08-29
1523,GABRIEL,2018-08-29
1524,GAEL,2018-08-29
1525,GALAXYSURF,2018-08-29
1526,GALLANTT,2018-08-29
1527,GALLISPAT,2018-08-29
1528,GAMMNINFRA,2018-08-29
1529,GANDHITUBE,2018-08-29
1530,GANECOS,2018-08-29
1531,GANESHHOUC,2018-08-29
1532,GANGESSECU,2018-08-29
1533,GARDENSILK,2018-08-29
1534,GATI,2018-08-29
1535,GAYAHWS,2018-08-29
1536,GAYAPROJ,2018-08-29
1537,GDL,2018-08-29
1538,GEECEE,2018-08-29
1539,GENESYS,2018-08-29
1540,GENUSPAPER,2018-08-29
1541,GENUSPOWER,2018-08-29
1542,GEOJITFSL,2018-08-29
1543,HDFC,2018-08-29
1544,HDFCBANK,2018-08-29
1545,21STCENMGM,2018-08-31
1546,3IINFOTECH,2018-08-31
1547,3MINDIA,2018-08-31
1548,5PAISA,2018-08-31
1549,63MOONS,2018-08-31
1550,A2ZINFRA,2018-08-31
1551,AARTIDRUGS,2018-08-31
1552,AARTIIND,2018-08-31
1553,AARVEEDEN,2018-08-31
1554,ABAN,2018-08-31
1555,ABB,2018-08-31
1556,ABBOTINDIA,2018-08-31
1557,ABCAPITAL,2018-08-31
1558,ABFRL,2018-08-31
1559,ACC,2018-08-31
1560,ACCELYA,2018-08-31
1561,ACE,2018-08-31
1562,ADANIENT,2018-08-31
1563,ADANIGREEN,2018-08-31
1564,ADANIPORTS,2018-08-31
1565,ADANIPOWER,2018-08-31
1566,ADANITRANS,2018-08-31
1567,ADFFOODS,2018-08-31
1568,ADHUNIKIND,2018-08-31
1569,ADLABS,2018-08-31
1570,ADORWELD,2018-08-31
1571,ADSL,2018-08-31
1572,ADVANIHOTR,2018-08-31
1573,ADVENZYMES,2018-08-31
1574,AEGISCHEM,2018-08-31
1575,AFL,2018-08-31
1576,AGARIND,2018-08-31
1577,ATUL,2018-08-31
1578,AURIONPRO,2018-08-31
1579,BANKNIFTY,2018-08-31
1580,CASTEXTECH,2018-08-31
1581,MADHUCON,2018-08-31
1582,MAWANASUG,2018-08-31
1583,MAXVIL,2018-08-31
1584,MOTOGENFIN,2018-08-31
1585,NIFTY,2018-08-31
1586,NIFTYINFRA,2018-08-31
1587,NIFTYIT,2018-08-31
1588,NIFTYMID50,2018-08-31
1589,NIFTYPSE,2018-08-31
1590,PAISALO,2018-08-31
1591,RANEENGINE,2018-08-31
1592,SCI,2018-08-31
1593,SICAGEN,2018-08-31
1594,SUPREMEINF,2018-08-31
1595,THEINVEST,2018-08-31
1596,VSTTILLERS,2018-08-31
1597,WHEELS,2018-08-31
1598,20MICRONS,2018-09-03
1599,AMBUJACEM,2018-09-03
1600,AMDIND,2018-09-03
