Date,Symbol,Series,Prev Close,Open,High,Low,Last,Close,VWAP,Volume,Turnover,Trades,Deliverable Volume,%Deliverble
2016-08-31,RBLBANK,EQ,225.0,274.2,305.5,274.2,299.95,299.4,288.84,79264509,2289447407590000.0,669395,26961879,0.34020000000000006
2016-09-01,RBLBANK,EQ,299.4,302.5,316.5,302.0,306.0,305.15,310.01,14699482,455701389945000.0,166343,4520383,0.3075
2016-09-02,RBLBANK,EQ,305.15,306.5,309.0,298.55,301.25,301.25,302.43,4762383,144030761940000.0,53285,1649265,0.34630000000000005
2016-09-06,RBLBANK,EQ,301.25,303.0,310.25,300.6,309.0,307.75,306.42,5777669,177037112955000.0,52340,2910081,0.5037
2016-09-07,RBLBANK,EQ,307.75,308.85,312.8,302.4,304.25,304.0,308.8,4147204,128063600855000.0,40102,2311178,0.5573
2016-09-08,RBLBANK,EQ,304.0,306.5,308.0,303.65,306.0,305.5,305.84,1509509,46166314880000.0,20968,708714,0.46950000000000003
2016-09-09,RBLBANK,EQ,305.5,303.65,303.65,298.1,299.0,298.8,300.53,1570381,47194059100000.0,27001,987459,0.6288
2016-09-12,RBLBANK,EQ,298.8,290.9,299.75,287.6,298.8,296.95,295.07,1779353,52502490715000.0,23318,697466,0.392
2016-09-14,RBLBANK,EQ,296.95,299.1,303.3,296.0,297.1,296.95,298.43,1148592,34277593630000.0,19478,508802,0.443
2016-09-15,RBLBANK,EQ,296.95,298.0,302.75,295.0,298.4,299.35,299.19,1288230,38542491600000.0,14982,468881,0.364
2016-09-16,RBLBANK,EQ,299.35,300.6,304.5,299.45,301.05,301.8,302.14,1559076,47105997250000.0,22083,741909,0.47590000000000005
2016-09-19,RBLBANK,EQ,301.8,303.0,303.9,299.25,301.4,301.35,301.74,732837,22112507560000.0,11054,427389,0.5832
2016-09-20,RBLBANK,EQ,301.35,301.35,301.5,296.3,297.1,297.15,299.09,493343,14755290090000.0,6519,282065,0.5717
2016-09-21,RBLBANK,EQ,297.15,298.0,301.9,297.35,300.45,300.0,300.24,512999,15402063510000.0,9554,272494,0.5312
2016-09-22,RBLBANK,EQ,300.0,302.25,304.0,300.7,301.8,302.15,302.19,1107243,33459468400000.0,16199,783572,0.7077
2016-09-23,RBLBANK,EQ,302.15,303.0,307.95,301.4,303.0,303.3,304.85,1735881,52918307660000.0,22724,1217110,0.7011000000000001
2016-09-26,RBLBANK,EQ,303.3,303.0,303.0,299.0,301.9,302.2,301.3,573498,17279260919999.998,10970,368874,0.6432
2016-09-27,RBLBANK,EQ,302.2,303.0,303.5,298.0,299.5,298.9,300.86,399580,12021768920000.0,5472,260706,0.6525
2016-09-28,RBLBANK,EQ,298.9,300.5,304.45,295.55,296.5,297.55,301.22,800367,24108782225000.0,11339,454371,0.5677000000000001
2016-09-29,RBLBANK,EQ,297.55,298.9,302.5,281.55,287.5,285.9,292.13,1238800,36189481080000.0,19786,671117,0.5417000000000001
2016-09-30,RBLBANK,EQ,285.9,287.0,293.8,286.05,291.5,291.2,290.92,678758,19746292575000.0,16007,446498,0.6578
2016-10-03,RBLBANK,EQ,291.2,298.5,299.9,295.2,297.5,297.6,297.05,770999,22902632885000.0,26557,547857,0.7106
2016-10-04,RBLBANK,EQ,297.6,299.1,299.95,296.5,297.2,297.55,298.09,638685,19038428885000.0,18094,464292,0.7269
2016-10-05,RBLBANK,EQ,297.55,299.8,299.9,295.0,295.6,295.65,296.93,629557,18693385875000.0,7577,478618,0.7602
2016-10-06,RBLBANK,EQ,295.65,299.0,307.5,296.0,306.2,304.3,300.56,2018179,60658515160000.0,21793,1246987,0.6179
2016-10-07,RBLBANK,EQ,304.3,305.0,315.45,305.0,308.6,309.25,311.19,2853699,88803232385000.0,27800,1039221,0.3642
2016-10-10,RBLBANK,EQ,309.25,311.9,314.9,308.65,312.5,313.1,311.5,870931,27129720000000.0,11662,406381,0.46659999999999996
2016-10-13,RBLBANK,EQ,313.1,310.0,311.4,303.8,306.4,306.25,307.3,634699,19504007775000.0,7481,331743,0.5227
2016-10-14,RBLBANK,EQ,306.25,307.0,321.3,306.4,315.0,314.7,316.19,2723451,86113613325000.0,24521,1032407,0.3791
2016-10-17,RBLBANK,EQ,314.7,316.0,316.45,306.0,307.3,307.8,311.55,1042365,32475264105000.0,25234,659295,0.6325000000000001
2016-10-18,RBLBANK,EQ,307.8,309.35,312.4,303.0,308.9,307.45,307.17,1410353,43322225285000.0,24569,922889,0.6544
2016-10-19,RBLBANK,EQ,307.45,311.95,316.0,311.9,313.5,313.4,314.52,1951746,61385832025000.0,23152,1058151,0.5422
2016-10-20,RBLBANK,EQ,313.4,322.0,335.0,316.7,327.9,328.05,326.94,14969063,489399095425000.0,116256,7134170,0.47659999999999997
2016-10-21,RBLBANK,EQ,328.05,328.0,332.0,322.5,329.4,328.55,328.36,2572236,84461667800000.0,26952,1128144,0.4386
2016-10-24,RBLBANK,EQ,328.55,329.3,334.9,324.4,334.45,333.6,331.07,2301063,76182412855000.0,19939,1254877,0.5453
2016-10-25,RBLBANK,EQ,333.6,334.0,346.0,332.2,345.4,344.5,341.29,2684845,91631626790000.0,28857,941761,0.3508
2016-10-26,RBLBANK,EQ,344.5,345.8,357.0,341.4,352.9,353.45,352.32,2416491,85137175840000.0,31526,654868,0.271
2016-10-27,RBLBANK,EQ,353.45,353.35,367.0,343.65,365.8,361.15,356.21,2552663,90928635015000.0,29866,664819,0.2604
2016-10-28,RBLBANK,EQ,361.15,364.8,376.0,364.75,374.65,374.65,372.55,3822219,142395323105000.0,38508,1413041,0.3697
2016-10-30,RBLBANK,EQ,374.65,379.7,399.5,378.8,389.5,390.6,391.35,6236814,244075667230000.03,54067,1580541,0.2534
2016-11-01,RBLBANK,EQ,390.6,396.2,404.4,393.2,396.5,395.8,397.87,4793590,190720397430000.0,52387,1481630,0.3091
2016-11-02,RBLBANK,EQ,395.8,390.0,390.0,381.0,381.75,382.05,385.27,2677682,103161827830000.0,38631,1081621,0.40390000000000004
2016-11-03,RBLBANK,EQ,382.05,383.0,389.3,375.55,378.5,378.95,383.02,1872349,71715249415000.0,24413,654870,0.3498
2016-11-04,RBLBANK,EQ,378.95,381.35,381.35,353.0,367.5,365.95,366.81,4093138,150141666970000.0,53332,1265464,0.30920000000000003
2016-11-07,RBLBANK,EQ,365.95,374.0,387.0,372.2,384.6,383.2,380.52,2143425,81562245695000.0,35205,760591,0.35479999999999995
2016-11-08,RBLBANK,EQ,383.2,388.0,392.0,376.65,384.0,385.95,385.04,1945916,74924651330000.0,30822,658939,0.3386
2016-11-09,RBLBANK,EQ,385.95,335.0,385.7,330.0,376.0,376.95,364.31,7489091,272832753575000.0,85676,2798986,0.3737
2016-11-10,RBLBANK,EQ,376.95,386.25,392.0,376.6,381.55,380.9,384.65,3426477,131797728940000.02,42538,1460818,0.4263
2016-11-11,RBLBANK,EQ,380.9,379.15,389.0,377.0,379.8,379.25,382.02,2213653,84566818990000.0,30613,1001984,0.4526
2016-11-15,RBLBANK,EQ,379.25,377.0,384.0,360.65,363.7,363.65,370.31,2301339,85220595970000.0,44230,1174611,0.5104
2016-11-16,RBLBANK,EQ,363.65,374.9,374.9,352.0,355.0,354.05,360.29,2884543,103927863620000.0,72003,1406217,0.4875
2016-11-17,RBLBANK,EQ,354.05,357.95,359.5,338.0,343.5,341.7,348.61,2473956,86245310195000.0,57094,1257243,0.5082
2016-11-18,RBLBANK,EQ,341.7,342.1,348.0,338.0,338.25,338.95,342.47,1969726,67457166500000.0,40214,887984,0.4508
2016-11-21,RBLBANK,EQ,338.95,343.0,345.0,330.4,333.7,333.6,335.88,1668922,56056409290000.0,31068,620224,0.3716
2016-11-22,RBLBANK,EQ,333.6,336.45,345.95,332.1,344.9,344.2,339.52,1410662,47894483185000.0,25721,547584,0.3882
2016-11-23,RBLBANK,EQ,344.2,347.7,347.75,338.1,339.5,340.7,342.63,1324444,45379332405000.0,22157,733874,0.5540999999999999
2016-11-24,RBLBANK,EQ,340.7,338.0,343.5,333.45,338.15,337.6,338.36,1137889,38501817960000.0,25891,486469,0.4275
2016-11-25,RBLBANK,EQ,337.6,341.3,352.5,341.1,350.55,351.1,347.76,2139191,74393267460000.0,36462,874017,0.4086
2016-11-28,RBLBANK,EQ,351.1,343.0,356.7,341.6,353.1,353.2,351.27,1775757,62377317415000.0,33118,718054,0.4044
2016-11-29,RBLBANK,EQ,353.2,352.05,363.0,352.05,361.0,359.65,358.53,1515335,54329580604999.99,33443,621822,0.4104
2016-11-30,RBLBANK,EQ,359.65,362.0,365.4,359.0,363.05,363.75,363.29,2231594,81072159930000.0,35605,1312769,0.5883
2016-12-01,RBLBANK,EQ,363.75,367.0,367.0,350.3,353.0,352.35,358.56,1136639,40755253880000.0,26033,513379,0.45170000000000005
2016-12-02,RBLBANK,EQ,352.35,348.6,352.4,343.6,346.8,346.7,347.64,1280824,44526398900000.0,20217,556637,0.43460000000000004
2016-12-05,RBLBANK,EQ,346.7,346.7,351.9,346.0,350.25,350.4,349.09,775558,27074104050000.0,10379,418948,0.5402
2016-12-06,RBLBANK,EQ,350.4,350.55,354.0,345.25,348.25,347.75,350.9,668599,23461166025000.0,15833,282905,0.42310000000000003
2016-12-07,RBLBANK,EQ,347.75,350.4,356.75,340.0,342.0,345.0,350.2,1530231,53589199575000.0,21868,669865,0.4378
2016-12-08,RBLBANK,EQ,345.0,345.9,355.0,345.9,354.0,354.1,352.39,1075910,37914302615000.0,16563,491338,0.45670000000000005
2016-12-09,RBLBANK,EQ,354.1,355.75,355.9,349.5,350.8,351.55,353.08,639742,22587813095000.0,10348,276480,0.4322
2016-12-12,RBLBANK,EQ,351.55,351.4,351.6,346.3,350.0,348.95,349.21,451324,15760844455000.002,9354,176089,0.39020000000000005
2016-12-13,RBLBANK,EQ,348.95,349.6,350.55,343.0,343.35,344.5,345.53,498168,17213013194999.998,11293,241467,0.4847
2016-12-14,RBLBANK,EQ,344.5,346.0,346.5,339.05,342.05,340.25,341.85,494081,16889983619999.998,14974,264995,0.5363
2016-12-15,RBLBANK,EQ,340.25,337.0,359.25,336.1,357.4,355.7,350.7,2148784,75357766275000.0,44733,908715,0.4229
2016-12-16,RBLBANK,EQ,355.7,357.9,359.6,351.5,351.55,352.35,354.7,876002,31072081000000.0,16351,373616,0.4265
2016-12-19,RBLBANK,EQ,352.35,352.4,352.4,345.2,346.7,346.35,348.06,496713,17288481394999.998,9297,239249,0.4817
2016-12-20,RBLBANK,EQ,346.35,346.7,350.1,343.0,346.35,344.95,345.47,808548,27933165285000.004,9653,541110,0.6692
2016-12-21,RBLBANK,EQ,344.95,346.5,347.4,342.1,345.6,344.2,345.02,981199,33853231405000.0,7024,764144,0.7787999999999999
2016-12-22,RBLBANK,EQ,344.2,344.0,346.0,339.2,340.1,340.2,340.95,1389189,47364937725000.0,9020,1110010,0.799
2016-12-23,RBLBANK,EQ,340.2,340.0,342.3,335.85,336.5,336.6,338.85,687689,23302283025000.0,13299,311648,0.4532
2016-12-26,RBLBANK,EQ,336.6,337.8,337.8,330.1,331.4,330.8,331.94,760436,25241999085000.0,10670,553268,0.7276
2016-12-27,RBLBANK,EQ,330.8,333.95,334.4,327.6,329.2,330.3,330.67,975916,32270334295000.0,19962,573913,0.5881000000000001
2016-12-28,RBLBANK,EQ,330.3,331.5,334.0,325.1,330.95,327.9,330.87,1582481,52360046025000.0,24044,1015610,0.6418
2016-12-29,RBLBANK,EQ,327.9,331.25,334.9,327.5,331.65,331.65,330.66,987942,32667306460000.004,17431,630957,0.6386999999999999
2016-12-30,RBLBANK,EQ,331.65,332.6,336.9,332.0,335.0,335.1,335.37,761290,25531019035000.0,12956,425373,0.5588000000000001
2017-01-02,RBLBANK,EQ,335.1,338.7,338.9,333.2,336.25,335.8,336.07,451008,15156861775000.0,7873,251295,0.5572
2017-01-03,RBLBANK,EQ,335.8,334.5,344.8,334.5,341.6,341.3,341.17,1270559,43347859200000.0,24168,617355,0.48590000000000005
2017-01-04,RBLBANK,EQ,341.3,344.4,349.6,342.15,346.45,345.55,346.5,831454,28809591970000.0,13278,419142,0.5041
2017-01-05,RBLBANK,EQ,345.55,348.0,355.0,346.1,353.45,353.95,351.45,955270,33572933710000.004,13434,432551,0.45280000000000004
2017-01-06,RBLBANK,EQ,353.95,356.0,359.35,353.3,356.1,356.5,356.13,897733,31970805939999.996,15261,440892,0.4911
2017-01-09,RBLBANK,EQ,356.5,357.1,360.0,354.0,355.0,354.7,356.61,543620,19386163115000.0,9406,270729,0.498
2017-01-10,RBLBANK,EQ,354.7,356.0,364.4,356.0,364.0,362.5,360.21,846975,30508580139999.996,12662,468838,0.5535
2017-01-11,RBLBANK,EQ,362.5,366.0,373.0,364.1,368.75,369.4,368.84,1435347,52940933140000.0,21890,616246,0.4293
2017-01-12,RBLBANK,EQ,369.4,371.15,373.9,365.2,367.7,367.75,369.43,849548,31384732585000.004,13744,323280,0.3805
2017-01-13,RBLBANK,EQ,367.75,369.0,370.0,362.55,366.5,366.35,366.06,547211,20031091040000.0,7342,319031,0.583
2017-01-16,RBLBANK,EQ,366.35,365.5,379.25,365.5,378.3,376.45,373.35,1038229,38762752750000.0,14843,586408,0.5648
2017-01-17,RBLBANK,EQ,376.45,380.0,384.9,380.0,382.85,382.7,382.53,1192368,45612161900000.0,22533,595987,0.49979999999999997
2017-01-18,RBLBANK,EQ,382.7,383.0,386.0,380.1,381.0,381.45,382.78,625932,23959340390000.0,9527,276551,0.4418
2017-01-19,RBLBANK,EQ,381.45,382.3,382.85,376.0,378.5,377.9,380.0,777651,29550906355000.0,12141,407946,0.5246000000000001
2017-01-20,RBLBANK,EQ,377.9,380.0,384.9,366.25,368.5,368.65,376.92,1789052,67432630485000.0,26476,727215,0.4065
2017-01-23,RBLBANK,EQ,368.65,382.1,393.5,382.1,388.5,389.45,388.35,4767690,185151472495000.0,65830,1648720,0.3458
2017-01-24,RBLBANK,EQ,389.45,390.0,394.8,389.6,392.0,391.75,392.0,1368613,53649927865000.0,19909,608462,0.4446
2017-01-25,RBLBANK,EQ,391.75,392.6,393.0,387.5,390.0,390.05,390.21,1077143,42031627085000.0,19174,569572,0.5288
2017-01-27,RBLBANK,EQ,390.05,391.95,411.6,390.0,397.7,398.1,401.98,3393399,136409300280000.0,44664,1231577,0.3629
2017-01-30,RBLBANK,EQ,398.1,397.0,403.4,389.0,391.2,390.85,395.12,1239306,48967465875000.0,21068,580445,0.46840000000000004
2017-01-31,RBLBANK,EQ,390.85,391.65,391.8,380.1,382.0,382.15,385.98,958416,36993413855000.0,18767,557887,0.5821000000000001
2017-02-01,RBLBANK,EQ,382.15,382.95,402.65,382.2,399.85,400.95,394.54,2418293,95410722870000.0,31673,1119674,0.46299999999999997
2017-02-02,RBLBANK,EQ,400.95,401.75,401.75,392.55,394.15,394.45,395.61,1241240,49104464875000.0,26105,609404,0.49100000000000005
2017-02-03,RBLBANK,EQ,394.45,396.4,399.75,388.35,388.8,390.15,393.36,1194842,46999753095000.0,17106,677360,0.5669
2017-02-06,RBLBANK,EQ,390.15,394.05,398.0,390.4,392.0,392.2,393.96,1076399,42405444345000.0,18133,608818,0.5656
2017-02-07,RBLBANK,EQ,392.2,394.0,396.0,391.0,393.0,392.85,393.64,691093,27204360814999.996,14505,321962,0.46590000000000004
2017-02-08,RBLBANK,EQ,392.85,393.8,396.95,388.7,393.0,393.4,392.47,1104622,43353036440000.0,17735,536579,0.4858
2017-02-09,RBLBANK,EQ,393.4,393.9,397.8,391.0,394.0,394.4,393.94,904789,35643052075000.0,18505,490076,0.5416
2017-02-10,RBLBANK,EQ,394.4,394.65,395.7,388.3,389.35,389.5,391.43,490528,19200812310000.0,13275,272591,0.5557
2017-02-13,RBLBANK,EQ,389.5,390.9,395.0,387.2,393.3,392.85,392.4,723145,28375888664999.996,12362,375465,0.5192
2017-02-14,RBLBANK,EQ,392.85,392.9,407.95,391.1,402.6,403.75,401.57,2481915,99667312295000.0,28963,1127351,0.45420000000000005
2017-02-15,RBLBANK,EQ,403.75,403.1,405.5,394.0,395.55,395.55,399.88,1394501,55763994125000.0,19442,770743,0.5527000000000001
2017-02-16,RBLBANK,EQ,395.55,397.05,416.4,392.8,414.0,413.1,409.33,3128098,128043072265000.02,40726,1217902,0.3893
2017-02-17,RBLBANK,EQ,413.1,417.7,421.4,413.6,417.95,418.45,417.76,1911043,79834893025000.0,28514,816607,0.42729999999999996
2017-02-20,RBLBANK,EQ,418.45,419.0,426.8,413.65,425.3,425.25,423.87,1362897,57768437725000.0,21593,541249,0.3971
2017-02-21,RBLBANK,EQ,425.25,425.8,431.45,424.0,425.8,426.55,427.28,1222992,52256144540000.0,17480,483519,0.3954
2017-02-22,RBLBANK,EQ,426.55,426.0,433.65,422.5,426.8,427.2,427.73,1174305,50228890180000.0,18103,578334,0.4925
2017-02-23,RBLBANK,EQ,427.2,428.4,474.15,427.25,457.7,456.9,450.37,6184856,278546193115000.0,106231,1936320,0.3131
2017-02-27,RBLBANK,EQ,456.9,458.0,488.0,457.0,469.95,467.8,474.92,6100634,289729424140000.0,93189,2179453,0.35729999999999995
2017-02-28,RBLBANK,EQ,467.8,470.9,484.0,470.0,476.45,476.7,477.78,3355945,160340621120000.0,49968,1378616,0.4108
2017-03-01,RBLBANK,EQ,476.7,479.9,481.85,475.6,479.0,479.15,478.93,2085512,99881735560000.0,30896,1347969,0.6463
2017-03-02,RBLBANK,EQ,479.15,480.1,482.0,455.55,463.5,462.5,467.48,2999845,140237160325000.0,65585,1402557,0.4675
2017-03-03,RBLBANK,EQ,462.5,461.9,467.25,452.0,456.9,455.55,458.23,1651705,75686110195000.0,32731,844778,0.5115
2017-03-06,RBLBANK,EQ,455.55,457.9,475.5,457.3,473.0,472.25,468.15,1621782,75924260055000.0,30540,667477,0.41159999999999997
2017-03-07,RBLBANK,EQ,472.25,473.0,478.95,468.1,476.5,474.3,473.45,1630959,77217748275000.0,34690,795732,0.4879
2017-03-08,RBLBANK,EQ,474.3,474.1,482.9,474.1,479.7,479.1,479.16,1755717,84126253975000.0,30075,632739,0.3604
2017-03-09,RBLBANK,EQ,479.1,478.0,482.0,470.8,471.75,471.8,478.18,1922479,91928673245000.0,21705,1220056,0.6346
2017-03-10,RBLBANK,EQ,471.8,473.15,477.8,466.65,468.0,470.05,472.7,613129,28982409589999.996,11247,258570,0.4217
2017-03-14,RBLBANK,EQ,470.05,481.2,484.35,475.0,476.0,476.75,478.68,973750,46611307975000.0,22486,539906,0.5545
2017-03-15,RBLBANK,EQ,476.75,478.45,479.4,472.35,477.0,476.85,476.92,501574,23920844515000.0,10343,241479,0.4814
2017-03-16,RBLBANK,EQ,476.85,479.9,481.0,477.5,478.7,479.15,479.49,1197430,57415472985000.0,26919,839138,0.7008
2017-03-17,RBLBANK,EQ,479.15,480.95,496.4,478.0,486.0,486.65,488.0,2220915,108380040170000.0,34589,948960,0.42729999999999996
2017-03-20,RBLBANK,EQ,486.65,489.3,499.85,486.85,498.75,498.25,495.47,1577111,78141326080000.0,24965,553437,0.35090000000000005
2017-03-21,RBLBANK,EQ,498.25,499.3,507.0,492.0,498.1,501.0,500.61,1965748,98406776465000.0,30555,897521,0.45659999999999995
2017-03-22,RBLBANK,EQ,501.0,495.25,509.95,495.0,499.15,501.0,503.79,1309900,65991821750000.0,28032,454245,0.3468
2017-03-23,RBLBANK,EQ,501.0,502.75,504.95,498.05,500.0,500.1,501.95,763319,38314901490000.0,12722,335004,0.4389
2017-03-24,RBLBANK,EQ,500.1,500.7,503.9,491.7,492.0,492.95,497.67,868783,43236381845000.0,17781,422055,0.4858
2017-03-27,RBLBANK,EQ,492.95,493.95,499.8,491.05,497.0,495.75,496.16,643606,31932914539999.996,11592,237436,0.3689
2017-03-28,RBLBANK,EQ,495.75,499.35,499.35,484.0,487.0,486.6,490.51,1285922,63075532985000.0,15352,902763,0.7020000000000001
2017-03-29,RBLBANK,EQ,486.6,489.0,495.9,481.3,483.9,485.8,489.01,1081736,52898094740000.0,15159,649713,0.6006
2017-03-30,RBLBANK,EQ,485.8,485.65,490.0,485.0,486.0,486.55,487.88,583494,28467778680000.0,9584,295521,0.5065
2017-03-31,RBLBANK,EQ,486.55,486.95,498.4,482.5,495.25,494.55,491.59,1590621,78193585160000.0,36733,762854,0.4796
2017-04-03,RBLBANK,EQ,494.55,497.9,510.8,495.8,508.8,507.4,505.19,1373303,69378515385000.0,21245,570404,0.4154
2017-04-05,RBLBANK,EQ,507.4,510.0,546.5,509.15,536.0,533.9,529.2,3388473,179319659005000.0,47085,1062518,0.3136
2017-04-06,RBLBANK,EQ,533.9,533.9,551.0,530.0,546.1,547.1,541.91,2339282,126767517984999.98,41276,831546,0.3555
2017-04-07,RBLBANK,EQ,547.1,542.95,569.8,540.1,560.0,555.5,558.97,5450168,304647702335000.0,64733,2474777,0.45409999999999995
2017-04-10,RBLBANK,EQ,555.5,560.9,599.0,560.6,588.2,587.45,585.45,5316206,311237111865000.0,77291,1883274,0.3543
2017-04-11,RBLBANK,EQ,587.45,592.0,599.4,567.0,576.6,574.8,582.41,3477562,202534968755000.0,65271,1551590,0.4462
2017-04-12,RBLBANK,EQ,574.8,574.4,585.0,562.0,576.0,579.95,570.06,4086616,232961840965000.0,54646,2099413,0.5136999999999999
2017-04-13,RBLBANK,EQ,579.95,579.05,579.5,550.2,554.4,558.65,567.03,2135565,121091936895000.0,38721,1143172,0.5353
2017-04-17,RBLBANK,EQ,558.65,554.25,554.25,527.4,540.8,540.5,542.31,2276461,123454873780000.0,36102,822721,0.3614
2017-04-18,RBLBANK,EQ,540.5,541.0,564.8,541.0,551.8,550.95,555.35,3225669,179136182895000.0,53159,1049335,0.32530000000000003
2017-04-19,RBLBANK,EQ,550.95,553.8,580.0,552.9,579.55,578.2,570.38,4135028,235854435115000.0,57239,1482138,0.35840000000000005
2017-04-20,RBLBANK,EQ,578.2,581.0,584.35,571.1,577.4,577.4,578.83,1789317,103571521170000.0,25602,726795,0.4062
2017-04-21,RBLBANK,EQ,577.4,580.0,584.8,568.0,568.95,570.2,577.3,1646702,95063596855000.0,19725,901908,0.5477000000000001
2017-04-24,RBLBANK,EQ,570.2,573.95,579.9,563.0,563.15,563.9,569.01,1157791,65879419640000.0,22974,551975,0.4767
2017-04-25,RBLBANK,EQ,563.9,568.6,573.55,563.15,566.7,567.85,567.55,1077234,61138111290000.0,21334,496458,0.46090000000000003
2017-04-26,RBLBANK,EQ,567.85,570.0,572.0,547.55,550.0,550.7,555.83,1910916,106214883565000.0,37703,1104968,0.5782
2017-04-27,RBLBANK,EQ,550.7,555.0,561.8,550.1,553.1,553.4,555.72,1500528,83386614460000.0,23755,692168,0.46130000000000004
2017-04-28,RBLBANK,EQ,553.4,556.85,568.7,553.5,564.95,564.45,561.61,1471824,82658630815000.0,22568,506965,0.3444
2017-05-02,RBLBANK,EQ,564.45,570.0,589.9,570.0,585.0,585.45,582.92,3904539,227602341230000.03,67849,1625912,0.4164
2017-05-03,RBLBANK,EQ,585.45,577.0,600.9,572.55,587.0,589.15,591.2,5715260,337884780065000.0,79145,1552149,0.2716
2017-05-04,RBLBANK,EQ,589.15,591.9,596.0,569.0,572.0,571.4,578.2,2111966,122113126490000.02,49749,892262,0.4225
2017-05-05,RBLBANK,EQ,571.4,575.0,576.0,560.0,561.0,561.15,565.59,1269894,71823319605000.0,22675,540915,0.42600000000000005
2017-05-08,RBLBANK,EQ,561.15,565.0,565.95,551.6,555.25,555.4,558.4,1002399,55974052429999.99,19806,350714,0.34990000000000004
2017-05-09,RBLBANK,EQ,555.4,557.05,565.45,555.0,559.5,559.3,559.46,881861,49336890550000.0,18129,397018,0.45020000000000004
2017-05-10,RBLBANK,EQ,559.3,561.9,565.0,557.5,562.5,561.95,561.48,594485,33379377089999.996,11600,227741,0.38310000000000005
2017-05-11,RBLBANK,EQ,561.95,564.0,569.0,559.95,562.3,561.4,564.06,993610,56045189950000.0,22501,420158,0.4229
2017-05-12,RBLBANK,EQ,561.4,562.3,563.5,551.4,556.4,556.55,555.98,706299,39268857845000.0,13819,296887,0.4203
2017-05-15,RBLBANK,EQ,556.55,557.5,564.9,551.1,564.25,563.9,560.31,888219,49767486795000.0,17580,387382,0.4361
2017-05-16,RBLBANK,EQ,563.9,564.8,567.7,559.0,561.6,562.6,562.26,495571,27864091739999.996,8172,203735,0.4111
2017-05-17,RBLBANK,EQ,562.6,563.0,569.9,558.0,564.7,564.25,563.94,831318,46881755800000.0,13860,253851,0.3054
2017-05-18,RBLBANK,EQ,564.25,559.8,563.0,551.0,553.5,552.15,555.33,1050920,58361203735000.0,27124,615645,0.5858
2017-05-19,RBLBANK,EQ,552.15,560.95,567.0,551.4,553.8,555.45,558.44,1292735,72191006060000.0,39632,569809,0.44079999999999997
2017-05-22,RBLBANK,EQ,555.45,557.5,559.95,542.6,545.5,544.85,548.78,676006,37097795480000.0,13070,285523,0.42240000000000005
2017-05-23,RBLBANK,EQ,544.85,546.0,547.4,502.2,522.0,524.5,525.03,1588845,83419370080000.0,31571,531438,0.3345
2017-05-24,RBLBANK,EQ,524.5,524.95,539.7,518.2,526.3,524.35,529.33,1343057,71092138730000.0,25418,486475,0.3622
2017-05-25,RBLBANK,EQ,524.35,527.8,549.45,525.75,548.2,545.6,537.94,1052847,56636716150000.0,17723,446922,0.42450000000000004
2017-05-26,RBLBANK,EQ,545.6,549.4,552.5,505.3,515.6,516.55,521.74,7280565,379858545980000.0,92398,3695651,0.5075999999999999
2017-05-29,RBLBANK,EQ,516.55,519.0,527.9,504.0,507.05,508.15,514.44,2977390,153169190515000.0,42525,1197065,0.4021
2017-05-30,RBLBANK,EQ,508.15,505.4,514.0,495.85,511.0,509.5,507.62,1418146,71988187280000.0,21947,333261,0.23500000000000001
2017-05-31,RBLBANK,EQ,509.5,511.0,537.9,509.9,536.0,527.7,523.48,3068601,160636362105000.0,44628,1326531,0.43229999999999996
2017-06-01,RBLBANK,EQ,527.7,533.0,554.25,531.0,549.6,550.1,543.29,3657981,198734354505000.0,54169,1189994,0.32530000000000003
2017-06-02,RBLBANK,EQ,550.1,552.0,558.0,546.05,550.0,550.85,552.57,1634243,90303342470000.0,26334,526126,0.32189999999999996
2017-06-05,RBLBANK,EQ,550.85,552.9,552.9,540.0,542.8,542.95,546.73,761989,41660109260000.0,14325,286938,0.3766
2017-06-06,RBLBANK,EQ,542.95,543.4,550.8,537.5,541.4,542.8,544.27,1075850,58555329275000.0,18819,234654,0.2181
2017-06-07,RBLBANK,EQ,542.8,543.0,552.7,539.35,550.3,549.45,545.51,1431120,78068398580000.0,20354,640881,0.44780000000000003
2017-06-08,RBLBANK,EQ,549.45,551.7,551.85,542.1,542.5,544.65,546.62,1553389,84911325220000.0,25524,777537,0.5005
2017-06-09,RBLBANK,EQ,544.65,543.0,543.7,533.5,536.1,537.6,538.16,1196296,64379605370000.01,15758,578450,0.48350000000000004
2017-06-12,RBLBANK,EQ,537.6,536.0,536.6,526.3,527.3,527.8,529.86,830261,43992465580000.0,13310,344417,0.4148
2017-06-13,RBLBANK,EQ,527.8,528.0,533.65,514.25,516.0,516.35,523.52,1508713,78983893475000.0,27905,541069,0.3586
2017-06-14,RBLBANK,EQ,516.35,517.0,524.7,512.25,517.95,518.1,517.85,1540848,79793436480000.0,26356,388281,0.252
2017-06-15,RBLBANK,EQ,518.1,518.5,519.15,510.1,513.45,514.0,514.81,897817,46220837445000.0,15822,356387,0.3969
2017-06-16,RBLBANK,EQ,514.0,514.0,520.4,513.0,515.35,515.0,517.03,1156394,59789086195000.01,15282,435971,0.37700000000000006
2017-06-19,RBLBANK,EQ,515.0,517.9,518.6,507.05,507.5,509.35,512.67,1041585,53399063965000.0,19690,541892,0.5203
2017-06-20,RBLBANK,EQ,509.35,510.0,515.5,508.45,509.5,509.65,511.51,927004,47417136515000.0,29582,379606,0.40950000000000003
2017-06-21,RBLBANK,EQ,509.65,510.9,517.85,505.0,511.3,512.2,513.59,1659522,85231434330000.0,27068,652298,0.3931
2017-06-22,RBLBANK,EQ,512.2,514.8,518.0,509.85,512.4,511.7,516.07,1500000,77410630295000.0,19900,874722,0.5831000000000001
2017-06-23,RBLBANK,EQ,511.7,514.0,514.0,501.6,506.0,505.85,506.07,1195150,60483153890000.0,23399,574916,0.48100000000000004
2017-06-27,RBLBANK,EQ,505.85,506.0,511.0,492.25,507.55,508.95,502.42,1651637,82981477480000.0,39112,766106,0.46380000000000005
2017-06-28,RBLBANK,EQ,508.95,505.75,512.75,502.85,504.95,505.35,506.89,1064791,53973492404999.99,23810,376128,0.3532
2017-06-29,RBLBANK,EQ,505.35,506.95,514.65,500.0,501.3,501.8,506.65,1797714,91081655490000.0,38586,732470,0.40740000000000004
2017-06-30,RBLBANK,EQ,501.8,498.5,509.0,496.25,508.5,507.75,503.69,1665573,83893696655000.0,25131,635095,0.38130000000000003
2017-07-03,RBLBANK,EQ,507.75,507.95,519.5,503.75,518.0,517.7,514.84,1681165,86552507880000.0,25073,551900,0.3283
2017-07-04,RBLBANK,EQ,517.7,518.0,527.35,516.0,522.0,521.8,522.86,2341020,122403531084999.98,47023,1025267,0.438
2017-07-05,RBLBANK,EQ,521.8,525.3,526.9,520.5,524.0,524.25,523.37,1352844,70804049780000.0,18312,594034,0.4391
2017-07-06,RBLBANK,EQ,524.25,522.0,529.4,521.05,523.15,524.85,526.04,977589,51425217055000.0,15175,383542,0.3923
2017-07-07,RBLBANK,EQ,524.85,512.0,530.0,508.4,527.3,527.0,519.9,4378621,227643516885000.0,67213,1438803,0.3286
2017-07-10,RBLBANK,EQ,527.0,530.0,551.0,495.0,532.9,532.6,531.64,264541,14064167594999.998,3830,141273,0.534
2017-07-11,RBLBANK,EQ,532.6,532.5,537.9,530.0,530.3,532.05,533.53,895189,47760651180000.0,13457,318209,0.3555
2017-07-12,RBLBANK,EQ,532.05,533.0,536.0,529.3,533.0,533.75,532.67,616647,32847156660000.004,9565,203400,0.3298
2017-07-13,RBLBANK,EQ,533.75,534.0,547.0,533.0,546.05,546.35,542.55,2016844,109424577170000.0,26227,694888,0.34450000000000003
2017-07-14,RBLBANK,EQ,546.35,549.75,551.75,538.45,540.25,540.75,542.82,1083576,58818676265000.0,19109,385794,0.35600000000000004
2017-07-17,RBLBANK,EQ,540.75,542.0,545.0,519.75,524.15,529.45,534.63,1232430,65889557000000.0,15498,707363,0.574
2017-07-18,RBLBANK,EQ,529.45,522.6,526.5,517.35,521.5,521.45,522.43,1388550,72542100105000.0,29365,723514,0.5211
2017-07-19,RBLBANK,EQ,521.45,523.95,541.3,522.05,540.5,537.6,531.85,1884008,100200491390000.0,23524,882459,0.46840000000000004
2017-07-20,RBLBANK,EQ,537.6,542.5,547.0,536.0,538.5,539.45,541.99,2053946,111322298634999.98,28463,804298,0.39159999999999995
2017-07-21,RBLBANK,EQ,539.45,540.0,544.5,528.0,532.0,532.35,535.27,2057774,110145458545000.0,26277,454476,0.2209
2017-07-24,RBLBANK,EQ,532.35,531.8,538.7,522.5,524.1,524.25,530.02,865534,45874826680000.0,14958,359042,0.4148
2017-07-25,RBLBANK,EQ,524.25,528.0,530.75,524.45,529.65,529.1,528.88,680352,35982121900000.0,11114,279233,0.4104
2017-07-26,RBLBANK,EQ,529.1,530.0,530.5,525.05,528.5,528.3,528.81,781054,41302937845000.0,17835,448762,0.5746
2017-07-27,RBLBANK,EQ,528.3,529.6,544.0,517.85,533.7,538.2,534.11,3193974,170593397850000.0,26325,1592562,0.4986
2017-07-28,RBLBANK,EQ,538.2,533.0,539.8,528.0,532.4,534.45,534.48,723003,38643151740000.0,11252,256656,0.355
2017-07-31,RBLBANK,EQ,534.45,533.0,538.5,528.0,535.85,534.75,534.41,830068,44359666620000.0,12545,327957,0.3951
2017-08-01,RBLBANK,EQ,534.75,537.85,539.5,527.0,531.85,530.45,533.3,1033386,55110978829999.99,18622,518068,0.5013000000000001
2017-08-02,RBLBANK,EQ,530.45,531.95,535.75,526.35,526.55,527.4,532.0,1033249,54968464045000.01,15778,606276,0.5868
2017-08-03,RBLBANK,EQ,527.4,526.55,531.2,515.0,519.0,517.35,522.65,914352,47788931085000.0,13596,429479,0.4697
2017-08-04,RBLBANK,EQ,517.35,519.0,519.0,508.5,514.0,515.05,513.67,1116067,57328532765000.0,17628,546527,0.4897
2017-08-07,RBLBANK,EQ,515.05,518.7,523.35,517.0,520.0,519.45,520.59,582059,30301231925000.0,8389,269037,0.4622
2017-08-08,RBLBANK,EQ,519.45,521.85,522.0,506.2,511.0,511.8,513.27,954207,48976157600000.0,12301,426038,0.4465
2017-08-09,RBLBANK,EQ,511.8,512.4,512.4,493.2,495.0,497.2,501.93,1320783,66293489815000.0,27789,690071,0.5225
2017-08-10,RBLBANK,EQ,497.2,499.7,505.0,482.35,492.0,490.35,494.94,1507305,74602146075000.0,33173,579361,0.38439999999999996
2017-08-11,RBLBANK,EQ,490.35,477.0,498.95,474.95,490.05,490.3,486.9,1164361,56692714775000.0,16991,407660,0.35009999999999997
2017-08-14,RBLBANK,EQ,490.3,492.8,501.9,490.6,498.0,497.75,497.59,673664,33521173635000.004,15663,259143,0.3847
2017-08-16,RBLBANK,EQ,497.75,499.05,526.7,499.0,525.15,523.9,514.18,1816633,93407650460000.0,61636,829814,0.4568
2017-08-17,RBLBANK,EQ,523.9,526.0,527.0,513.7,517.1,516.95,518.28,1199659,62176330250000.0,30756,495857,0.4133
2017-08-18,RBLBANK,EQ,516.95,514.8,529.5,506.0,527.4,527.25,523.82,2050151,107390307705000.0,47317,911055,0.44439999999999996
2017-08-21,RBLBANK,EQ,527.25,528.95,529.8,503.5,507.5,506.8,515.77,1252384,64593787375000.0,18771,488106,0.3897
2017-08-22,RBLBANK,EQ,506.8,508.8,513.7,500.0,501.5,501.65,505.9,1007123,50950061255000.0,19477,344983,0.3425
2017-08-23,RBLBANK,EQ,501.65,506.0,512.85,504.0,508.6,509.15,508.81,609202,30996537405000.0,9075,184800,0.3033
2017-08-24,RBLBANK,EQ,509.15,508.45,514.8,506.35,510.7,510.2,510.59,786616,40164137250000.0,16626,255435,0.3247
2017-08-28,RBLBANK,EQ,510.2,513.0,519.4,507.4,515.6,511.0,514.03,1302075,66930917410000.0,17550,467714,0.3592
2017-08-29,RBLBANK,EQ,511.0,506.0,541.5,506.0,532.0,531.55,531.65,12629633,671455244500000.0,106731,5258193,0.41630000000000006
2017-08-30,RBLBANK,EQ,531.55,537.5,542.5,528.8,536.0,537.55,535.64,5238763,280608520840000.0,41976,2995296,0.5718
2017-08-31,RBLBANK,EQ,537.55,538.0,546.8,532.55,544.0,544.6,540.94,5131679,277593341325000.0,40524,2959474,0.5767
2017-09-01,RBLBANK,EQ,544.6,544.0,548.5,531.95,535.6,535.35,541.84,2021850,109552654080000.0,23411,982125,0.4858
2017-09-04,RBLBANK,EQ,535.35,535.6,539.7,525.25,533.5,534.05,532.33,1234312,65706679435000.0,18053,350068,0.2836
2017-09-05,RBLBANK,EQ,534.05,536.85,543.5,535.1,536.2,537.35,539.38,1103951,59544940945000.01,26015,419085,0.3796
2017-09-06,RBLBANK,EQ,537.35,533.35,542.95,533.0,539.25,539.6,539.95,1818960,98215055420000.0,29826,1089138,0.5988
2017-09-07,RBLBANK,EQ,539.6,542.0,542.9,529.75,532.85,533.15,535.19,1958539,104818151305000.0,22816,1115188,0.5694
2017-09-08,RBLBANK,EQ,533.15,535.0,539.0,531.7,535.9,537.0,535.12,1036368,55458541020000.01,9770,625815,0.6039
2017-09-11,RBLBANK,EQ,537.0,539.0,543.4,532.95,536.0,535.75,540.37,1777508,96051235475000.0,27109,1005269,0.5655
2017-09-12,RBLBANK,EQ,535.75,537.0,541.7,536.0,540.0,539.9,539.72,1150877,62114986765000.0,18951,694887,0.6038
2017-09-13,RBLBANK,EQ,539.9,540.0,544.4,530.6,535.1,534.0,539.45,1696380,91511928690000.0,19811,819523,0.48310000000000003
2017-09-14,RBLBANK,EQ,534.0,535.5,539.4,530.55,531.75,531.7,533.65,951570,50780107425000.0,9018,492489,0.5176
2017-09-15,RBLBANK,EQ,531.7,530.0,534.7,525.15,530.0,532.0,530.35,1309136,69430079079999.99,21771,736479,0.5626
2017-09-18,RBLBANK,EQ,532.0,532.75,540.25,532.75,535.75,537.45,537.81,897683,48278614550000.0,14547,472328,0.5262
2017-09-19,RBLBANK,EQ,537.45,537.5,539.0,534.0,534.75,535.1,535.85,407337,21827050625000.0,6568,175629,0.43119999999999997
2017-09-20,RBLBANK,EQ,535.1,535.0,536.8,529.0,529.9,530.85,531.86,614057,32659355850000.0,7983,295595,0.4814
2017-09-21,RBLBANK,EQ,530.85,530.1,535.5,523.45,534.65,533.2,529.82,1276036,67607390220000.01,14795,604965,0.47409999999999997
2017-09-22,RBLBANK,EQ,533.2,531.95,531.95,515.25,518.0,517.15,522.02,1040179,54299107570000.01,14058,420911,0.4047
2017-09-25,RBLBANK,EQ,517.15,510.25,517.5,497.0,510.0,511.65,507.22,1403714,71199662285000.0,24790,462461,0.3295
2017-09-26,RBLBANK,EQ,511.65,516.95,517.0,505.35,509.6,510.25,509.59,894886,45602736495000.0,17453,408264,0.4562
2017-09-27,RBLBANK,EQ,510.25,517.6,517.6,498.75,500.95,500.9,507.33,1335998,67779013875000.0,15795,816662,0.6113000000000001
2017-09-28,RBLBANK,EQ,500.9,503.1,511.9,496.65,501.0,503.45,504.3,2160072,108932521534999.98,33858,1364856,0.6319
2017-09-29,RBLBANK,EQ,503.45,503.5,510.0,503.5,508.0,506.95,506.5,1130974,57283725404999.99,13319,698012,0.6172
2017-10-03,RBLBANK,EQ,506.95,510.1,513.3,509.0,510.9,510.05,510.04,966414,49291098020000.0,14902,723249,0.7484000000000001
2017-10-04,RBLBANK,EQ,510.05,512.0,513.5,509.0,509.0,509.9,510.81,922644,47129659455000.0,9766,634919,0.6881999999999999
2017-10-05,RBLBANK,EQ,509.9,512.85,516.05,510.65,512.5,512.65,513.21,1056380,54214380135000.0,13010,686997,0.6503
2017-10-06,RBLBANK,EQ,512.65,513.0,517.8,512.55,517.0,516.0,515.37,1118205,57628629785000.0,6802,866534,0.7748999999999999
2017-10-09,RBLBANK,EQ,516.0,517.0,520.25,514.0,519.0,518.15,518.07,668469,34631207460000.004,6711,335635,0.5021
2017-10-10,RBLBANK,EQ,518.15,519.85,520.5,515.15,516.6,516.55,518.6,707404,36685839485000.0,8959,461283,0.6520999999999999
2017-10-11,RBLBANK,EQ,516.55,516.65,521.1,508.0,508.4,509.0,516.53,1451859,74992710540000.0,12425,885763,0.6101
2017-10-12,RBLBANK,EQ,509.0,511.9,519.0,508.5,516.3,516.55,514.12,1046834,53819927110000.0,9026,601907,0.5750000000000001
2017-10-13,RBLBANK,EQ,516.55,517.3,524.85,515.1,518.25,517.5,520.25,1119886,58261941635000.0,9976,618887,0.5526
2017-10-16,RBLBANK,EQ,517.5,520.95,523.0,518.3,521.5,521.2,521.09,915908,47726802175000.0,9014,608866,0.6648000000000001
2017-10-17,RBLBANK,EQ,521.2,524.4,524.4,519.75,522.5,521.85,522.01,1367033,71361055930000.0,10894,1121040,0.8201
2017-10-18,RBLBANK,EQ,521.85,521.25,526.75,516.0,523.0,522.25,522.21,1485776,77588414415000.0,8821,1109346,0.7465999999999999
2017-10-19,RBLBANK,EQ,522.25,526.0,526.5,517.1,520.0,521.0,523.03,354170,18524316905000.0,5214,224795,0.6347
2017-10-23,RBLBANK,EQ,521.0,523.65,531.9,521.65,526.0,527.55,526.17,1429682,75225969600000.0,15910,841585,0.5887
2017-10-24,RBLBANK,EQ,527.55,529.0,538.5,525.5,534.5,536.15,532.71,1815137,96694149595000.0,15875,1249678,0.6885
2017-10-25,RBLBANK,EQ,536.15,541.9,552.0,516.65,524.1,524.4,534.73,2290747,122492723259999.98,24311,828214,0.3615
2017-10-26,RBLBANK,EQ,524.4,531.8,544.45,521.85,530.6,530.55,533.66,4143408,221118914060000.0,41484,1362941,0.3289
2017-10-27,RBLBANK,EQ,530.55,535.0,535.5,520.5,520.95,524.35,530.26,1645562,87256758720000.0,39009,1090620,0.6628000000000001
2017-10-30,RBLBANK,EQ,524.35,524.8,532.5,521.2,525.1,525.05,526.4,1529946,80536098450000.0,40239,874738,0.5717
2017-10-31,RBLBANK,EQ,525.05,525.95,528.55,522.8,525.1,525.4,525.16,669354,35151859230000.0,11557,374951,0.5602
2017-11-01,RBLBANK,EQ,525.4,527.0,530.2,525.1,526.1,526.1,528.06,686031,36226500345000.0,13981,447137,0.6518
2017-11-02,RBLBANK,EQ,526.1,526.1,528.15,522.55,523.9,523.15,525.33,519923,27312975039999.996,11140,340398,0.6547
2017-11-03,RBLBANK,EQ,523.15,524.0,526.0,518.5,518.5,519.75,522.11,1424357,74366442390000.0,12383,1110263,0.7795000000000001
2017-11-06,RBLBANK,EQ,519.75,517.0,528.7,515.5,518.5,518.25,521.06,809343,42171732410000.0,17444,345490,0.4269
2017-11-07,RBLBANK,EQ,518.25,518.1,521.4,513.0,514.85,515.15,516.34,604596,31217721230000.0,8788,281843,0.4662
2017-11-08,RBLBANK,EQ,515.15,515.0,518.5,506.2,508.2,508.35,510.91,826297,42216267715000.0,14368,376831,0.456
2017-11-09,RBLBANK,EQ,508.35,510.65,514.4,508.95,512.0,510.55,510.42,787524,40197179460000.0,16813,439284,0.5578000000000001
2017-11-10,RBLBANK,EQ,510.55,509.0,515.0,506.65,509.1,509.75,510.05,617884,31515038060000.004,10172,291341,0.4715
2017-11-13,RBLBANK,EQ,509.75,509.95,516.0,508.65,510.15,510.05,511.42,529051,27056841755000.0,15389,288450,0.5452
2017-11-14,RBLBANK,EQ,510.05,510.1,514.3,508.4,510.4,510.15,511.22,390425,19959496690000.0,7091,176228,0.4514
2017-11-15,RBLBANK,EQ,510.15,510.15,512.0,504.2,507.35,507.3,508.0,765441,38884135625000.0,52711,450317,0.5883
2017-11-16,RBLBANK,EQ,507.3,509.0,510.95,505.3,507.3,507.65,507.93,549142,27892565414999.996,27753,288845,0.526
2017-11-17,RBLBANK,EQ,507.65,512.0,517.0,509.7,510.05,511.25,512.64,703589,36068611425000.0,8486,352976,0.5017
2017-11-20,RBLBANK,EQ,511.25,513.95,516.8,512.55,515.15,514.9,514.87,653670,33655532985000.004,13705,361910,0.5537
2017-11-21,RBLBANK,EQ,514.9,515.2,515.5,510.1,512.0,511.95,512.93,498428,25565896435000.0,10744,233227,0.4679
2017-11-22,RBLBANK,EQ,511.95,513.95,514.45,505.1,507.0,506.85,508.45,620068,31527358435000.004,21138,380655,0.6139
2017-11-23,RBLBANK,EQ,506.85,508.0,511.9,504.55,508.0,507.9,509.13,818649,41679566330000.0,20099,427916,0.5227
2017-11-24,RBLBANK,EQ,507.9,513.2,525.9,510.55,512.1,512.6,516.86,2705419,139831870334999.98,30680,986949,0.36479999999999996
2017-11-27,RBLBANK,EQ,512.6,513.45,518.9,508.4,514.95,515.1,514.55,851241,43800970790000.0,16651,357071,0.41950000000000004
2017-11-28,RBLBANK,EQ,515.1,515.75,523.3,514.65,520.5,521.4,519.57,1072359,55716336704999.99,20680,585992,0.5465
2017-11-29,RBLBANK,EQ,521.4,523.0,525.9,518.6,520.8,521.05,522.92,1269659,66393094579999.99,19224,807971,0.6364
2017-11-30,RBLBANK,EQ,521.05,518.0,523.0,513.95,519.5,516.75,518.14,1293861,67039921565000.0,20040,872604,0.6744
2017-12-01,RBLBANK,EQ,516.75,518.7,529.75,517.5,519.6,520.65,524.9,1754302,92083253665000.0,36304,683236,0.3895
2017-12-04,RBLBANK,EQ,520.65,520.7,522.65,507.0,512.6,511.6,512.62,809405,41491479990000.0,15771,371079,0.4585
2017-12-05,RBLBANK,EQ,511.6,511.6,512.15,505.3,510.0,510.45,508.9,550003,27989736535000.004,15612,195407,0.3553
2017-12-06,RBLBANK,EQ,510.45,509.1,513.4,506.7,508.65,509.65,510.32,700531,35749278900000.0,17942,383437,0.5474
2017-12-07,RBLBANK,EQ,509.65,508.5,515.0,508.5,510.95,510.8,511.77,608800,31156275964999.996,17074,252050,0.414
2017-12-08,RBLBANK,EQ,510.8,512.0,516.7,511.65,513.5,513.95,514.06,373586,19204617650000.0,9293,185492,0.4965
2017-12-11,RBLBANK,EQ,513.95,515.0,518.7,512.0,514.95,514.05,514.89,597996,30790189145000.0,17962,337004,0.5636
2017-12-12,RBLBANK,EQ,514.05,515.0,515.2,508.0,510.7,510.4,510.52,623576,31834884064999.996,12720,386997,0.6206
2017-12-13,RBLBANK,EQ,510.4,510.0,511.9,506.3,507.5,508.5,509.87,2073910,105741542010000.0,15062,1754298,0.8459000000000001
2017-12-14,RBLBANK,EQ,508.5,511.0,511.0,501.5,509.0,508.25,506.95,1128295,57198766220000.01,36025,754902,0.6691
2017-12-15,RBLBANK,EQ,508.25,512.0,513.0,508.75,509.1,509.7,509.96,872437,44490579410000.0,13305,677239,0.7763
2017-12-18,RBLBANK,EQ,509.7,509.5,511.9,497.75,508.0,507.0,508.07,935339,47521326575000.0,14062,509904,0.5452
2017-12-19,RBLBANK,EQ,507.0,509.95,519.35,508.2,518.0,517.45,512.48,2306811,118219367215000.02,13938,1755685,0.7611
2017-12-20,RBLBANK,EQ,517.45,520.0,523.75,514.3,516.3,516.3,519.3,737003,38272362145000.0,7290,357512,0.4851
2017-12-21,RBLBANK,EQ,516.3,515.15,519.85,512.6,515.2,515.8,515.88,596680,30781469355000.0,6998,321993,0.5396
2017-12-22,RBLBANK,EQ,515.8,517.0,518.5,511.3,516.0,515.4,514.43,678570,34907389570000.0,4376,488754,0.7203
2017-12-26,RBLBANK,EQ,515.4,514.0,520.0,513.0,516.55,517.1,517.55,606345,31381380400000.0,5787,297873,0.4913
2017-12-27,RBLBANK,EQ,517.1,519.4,519.4,510.0,510.35,513.85,515.83,417580,21540113830000.0,5497,231811,0.5551
2017-12-28,RBLBANK,EQ,513.85,510.5,514.75,506.0,506.9,507.4,509.37,525011,26742398700000.0,10150,278067,0.5296000000000001
2017-12-29,RBLBANK,EQ,507.4,508.85,511.1,507.85,510.5,510.1,510.06,378997,19331072340000.0,9705,234106,0.6177
2018-01-01,RBLBANK,EQ,510.1,510.0,513.8,508.95,510.05,510.0,511.18,469078,23978285845000.0,19633,326423,0.6959000000000001
2018-01-02,RBLBANK,EQ,510.0,510.9,513.4,508.15,513.4,511.65,510.21,616196,31439071660000.004,27801,446825,0.7251000000000001
2018-01-03,RBLBANK,EQ,511.65,513.4,516.8,509.0,514.9,514.9,513.96,1510019,77609609930000.0,27502,1146682,0.7594
2018-01-04,RBLBANK,EQ,514.9,519.85,519.85,510.7,516.0,517.4,514.45,845849,43514792795000.0,18803,617837,0.7304
2018-01-05,RBLBANK,EQ,517.4,519.0,542.0,515.55,540.5,539.7,533.2,4365631,232774491430000.03,43979,2183714,0.5002000000000001
2018-01-08,RBLBANK,EQ,539.7,543.95,550.0,540.25,545.15,545.45,545.65,1731320,94469383110000.0,35293,766413,0.44270000000000004
2018-01-09,RBLBANK,EQ,545.45,546.8,547.1,533.6,537.5,538.9,541.26,826546,44737749595000.0,26867,387353,0.4686
2018-01-10,RBLBANK,EQ,538.9,538.7,540.2,527.6,528.4,529.5,530.88,1222398,64894594075000.0,10763,914002,0.7477
2018-01-11,RBLBANK,EQ,529.5,529.1,542.4,529.05,533.5,533.6,536.8,1990560,106853531145000.0,53061,1139202,0.5723
2018-01-12,RBLBANK,EQ,533.6,536.8,539.35,526.35,530.3,530.75,532.51,831501,44278031920000.0,25378,424987,0.5111
2018-01-15,RBLBANK,EQ,530.75,529.55,537.25,529.55,530.0,530.6,533.2,604395,32226197050000.0,10453,291075,0.4816
2018-01-16,RBLBANK,EQ,530.6,530.0,532.3,518.2,522.7,522.7,524.23,795236,41688938935000.0,19042,407102,0.5119
2018-01-17,RBLBANK,EQ,522.7,524.0,530.9,520.0,525.55,525.5,525.97,593309,31206453770000.0,8393,187944,0.3168
2018-01-18,RBLBANK,EQ,525.5,537.4,540.0,522.9,526.95,526.3,530.39,1011562,53652146455000.0,17056,349634,0.3456
2018-01-19,RBLBANK,EQ,526.3,528.5,534.75,518.7,524.1,523.3,526.24,1237585,65126335635000.0,15476,572026,0.4622
2018-01-22,RBLBANK,EQ,523.3,526.0,531.9,521.65,531.9,530.65,527.39,644170,33972940855000.0,11275,289079,0.44880000000000003
2018-01-23,RBLBANK,EQ,530.65,534.95,543.9,532.1,540.0,536.7,538.76,2687655,144800130625000.0,30656,1127021,0.4193
2018-01-24,RBLBANK,EQ,536.7,535.0,536.0,500.15,514.9,514.2,518.88,2983717,154819963850000.0,47604,1467507,0.4918
2018-01-25,RBLBANK,EQ,514.2,513.5,518.0,508.95,511.45,510.4,512.69,1114257,57126938279999.99,17058,490053,0.43979999999999997
2018-01-29,RBLBANK,EQ,510.4,513.45,514.15,502.9,504.8,504.85,507.83,753974,38289144585000.0,18572,419747,0.5567000000000001
2018-01-30,RBLBANK,EQ,504.85,502.25,508.0,496.1,501.1,504.55,502.37,1284248,64516289995000.01,23392,710540,0.5533
2018-01-31,RBLBANK,EQ,504.55,500.45,505.3,499.15,504.5,503.5,502.53,713984,35879716300000.0,19402,417743,0.5851
2018-02-01,RBLBANK,EQ,503.5,505.5,511.5,492.45,504.0,504.6,504.26,1062229,53564382010000.0,32062,420484,0.39590000000000003
2018-02-02,RBLBANK,EQ,504.6,500.0,500.0,479.0,482.75,482.75,489.92,1515876,74266450050000.0,60057,880763,0.5810000000000001
2018-02-05,RBLBANK,EQ,482.75,480.0,488.9,452.55,484.65,485.2,478.06,1331382,63647663020000.01,30613,622353,0.46740000000000004
2018-02-06,RBLBANK,EQ,485.2,461.0,478.9,455.0,471.5,474.6,470.29,1797966,84556563415000.0,39976,905490,0.5036
2018-02-07,RBLBANK,EQ,474.6,481.0,487.8,470.0,477.0,480.75,476.66,1598663,76201120330000.0,31236,827213,0.5174000000000001
2018-02-08,RBLBANK,EQ,480.75,480.75,492.35,476.05,486.55,484.9,484.87,1152396,55876615170000.01,18340,596352,0.5175
2018-02-09,RBLBANK,EQ,484.9,476.45,485.45,469.55,482.4,482.35,481.16,1028174,49472128405000.0,31707,566111,0.5506000000000001
2018-02-12,RBLBANK,EQ,482.35,485.0,489.7,480.0,484.8,484.8,483.86,956276,46270779295000.0,17468,517003,0.5406000000000001
2018-02-14,RBLBANK,EQ,484.8,492.0,492.0,482.4,483.0,483.65,485.96,946063,45975252055000.0,18669,653883,0.6912
2018-02-15,RBLBANK,EQ,483.65,484.45,485.5,476.0,481.0,480.8,482.24,902127,43504182355000.0,15880,526342,0.5834
2018-02-16,RBLBANK,EQ,480.8,481.1,486.1,473.6,477.4,476.45,481.02,909124,43730687780000.0,17760,457594,0.5033
2018-02-19,RBLBANK,EQ,476.45,476.5,478.5,470.05,473.9,473.85,473.06,533683,25246287675000.0,12003,239354,0.4485
2018-02-20,RBLBANK,EQ,473.85,472.0,477.6,470.5,471.65,471.65,472.78,403703,19086108325000.0,5647,172123,0.4264
2018-02-21,RBLBANK,EQ,471.65,473.0,474.5,460.55,470.0,470.85,466.03,821992,38307429310000.0,22324,415328,0.5053
2018-02-22,RBLBANK,EQ,470.85,470.4,474.35,467.15,470.0,469.85,469.98,713039,33511710645000.0,14502,367421,0.5153
2018-02-23,RBLBANK,EQ,469.85,471.4,490.0,471.4,487.3,488.0,482.99,712961,34435220364999.996,14442,253130,0.355
2018-02-26,RBLBANK,EQ,488.0,490.05,497.85,481.95,494.1,494.7,492.32,823736,40554047810000.0,15057,357587,0.4341
2018-02-27,RBLBANK,EQ,494.7,495.0,496.8,486.0,491.1,490.3,490.09,637796,31257770460000.004,11366,364100,0.5709000000000001
2018-02-28,RBLBANK,EQ,490.3,485.0,493.15,483.5,491.0,490.2,489.25,666710,32618571475000.0,12770,314755,0.4721
2018-03-01,RBLBANK,EQ,490.2,492.0,495.0,483.5,483.5,485.05,487.57,513447,25034283685000.0,11879,146002,0.28440000000000004
2018-03-05,RBLBANK,EQ,485.05,485.05,488.0,475.1,477.0,477.25,481.54,1343382,64689015115000.0,20804,782008,0.5821000000000001
2018-03-06,RBLBANK,EQ,477.25,482.0,483.65,468.0,468.05,470.0,475.29,533420,25352674030000.0,11244,201965,0.3786
2018-03-07,RBLBANK,EQ,470.0,470.0,470.0,452.05,453.2,453.7,456.44,1280681,58455203915000.0,52469,676082,0.5279
2018-03-08,RBLBANK,EQ,453.7,458.0,458.0,443.3,454.45,455.45,450.73,1434046,64636145420000.01,50812,641016,0.44700000000000006
2018-03-09,RBLBANK,EQ,455.45,457.7,462.85,453.25,455.5,456.3,456.94,556573,25431874180000.0,13565,227611,0.409
2018-03-12,RBLBANK,EQ,456.3,461.0,468.8,455.35,466.5,466.6,463.08,819085,37930236810000.0,17353,375898,0.45890000000000003
2018-03-13,RBLBANK,EQ,466.6,465.9,475.95,462.5,466.55,467.5,472.27,2994206,141407847070000.0,23369,2274948,0.7598
2018-03-14,RBLBANK,EQ,467.5,466.0,475.0,462.0,471.25,472.1,470.52,2944991,138566247455000.0,11594,2474895,0.8404
2018-03-15,RBLBANK,EQ,472.1,471.3,478.9,471.3,477.0,476.35,476.09,1085239,51667383935000.0,18038,828263,0.7632
2018-03-16,RBLBANK,EQ,476.35,475.95,479.95,466.15,467.6,468.35,472.63,422240,19956402425000.0,8263,116248,0.27530000000000004
2018-03-19,RBLBANK,EQ,468.35,468.0,471.75,460.0,463.0,463.1,463.9,784079,36373618565000.0,15285,423645,0.5403
2018-03-20,RBLBANK,EQ,463.1,461.05,469.0,461.05,465.5,465.1,467.32,902018,42152826345000.0,16655,502115,0.5567000000000001
2018-03-21,RBLBANK,EQ,465.1,469.35,470.15,461.3,462.2,462.1,463.15,754688,34953233580000.0,12869,436951,0.579
2018-03-22,RBLBANK,EQ,462.1,463.0,467.0,459.05,462.6,462.7,463.18,751828,34822866760000.004,24087,478031,0.6358
2018-03-23,RBLBANK,EQ,462.7,450.0,464.75,450.0,459.0,461.6,460.07,936292,43076229715000.0,27217,552853,0.5905
2018-03-26,RBLBANK,EQ,461.6,461.0,467.0,456.65,465.5,465.05,463.41,696905,32295186780000.0,12503,375877,0.5394
2018-03-27,RBLBANK,EQ,465.05,467.8,488.8,467.8,477.35,477.2,478.89,1464457,70131714160000.0,24829,770166,0.5259
2018-03-28,RBLBANK,EQ,477.2,476.9,490.0,466.15,475.0,479.85,477.63,2361632,112798723705000.0,20695,1573174,0.6661
2018-04-02,RBLBANK,EQ,479.85,479.85,487.5,475.0,483.4,484.65,480.99,1791136,86151547695000.0,10439,1460226,0.8153
2018-04-03,RBLBANK,EQ,484.65,480.6,487.0,479.9,484.75,484.75,484.25,579155,28045425050000.0,10010,337825,0.5833
2018-04-04,RBLBANK,EQ,484.75,486.45,499.95,486.0,487.5,489.15,495.0,1491424,73826011160000.0,24295,673343,0.4515
2018-04-05,RBLBANK,EQ,489.15,498.8,498.8,492.0,497.5,496.5,495.45,1257116,62283677025000.0,15956,962105,0.7653
2018-04-06,RBLBANK,EQ,496.5,496.5,502.45,493.05,493.75,494.1,496.25,554890,27536207095000.0,6842,173974,0.3135
2018-04-09,RBLBANK,EQ,494.1,495.25,503.0,492.8,495.5,496.05,497.83,1255675,62511723804999.99,12126,763482,0.608
2018-04-10,RBLBANK,EQ,496.05,496.5,502.85,494.35,501.0,501.0,500.06,1584810,79250274830000.0,18905,1066631,0.6729999999999999
2018-04-11,RBLBANK,EQ,501.0,505.0,510.0,500.55,505.0,505.05,506.55,955560,48403930165000.0,16398,421279,0.44090000000000007
2018-04-12,RBLBANK,EQ,505.05,505.4,506.85,498.05,499.1,499.95,502.31,425131,21354870145000.0,6313,157908,0.3714
2018-04-13,RBLBANK,EQ,499.95,505.0,505.0,496.9,501.0,501.4,500.72,761212,38115691260000.0,6362,357402,0.46950000000000003
2018-04-16,RBLBANK,EQ,501.4,498.95,512.25,498.75,512.0,510.0,507.58,549654,27899577539999.996,10754,229685,0.4179
2018-04-17,RBLBANK,EQ,510.0,514.9,515.2,508.5,512.7,512.65,511.75,454736,23271049190000.0,8432,154982,0.3408
2018-04-18,RBLBANK,EQ,512.65,513.0,514.85,506.15,510.15,510.05,510.15,311527,15892567575000.0,6698,158300,0.5081
2018-04-19,RBLBANK,EQ,510.05,512.0,512.5,507.5,508.0,508.9,509.55,482877,24605117460000.0,5457,356778,0.7389
2018-04-20,RBLBANK,EQ,508.9,508.0,509.3,501.0,508.0,507.35,504.71,304662,15376472610000.0,6937,137954,0.45280000000000004
2018-04-23,RBLBANK,EQ,507.35,508.0,510.5,501.1,502.0,502.45,505.37,556274,28112411514999.996,10198,301449,0.5418999999999999
2018-04-24,RBLBANK,EQ,502.45,502.95,513.0,502.95,511.1,511.65,510.15,822689,41969132195000.0,14282,341156,0.4147
2018-04-25,RBLBANK,EQ,511.65,511.1,524.75,508.8,520.0,521.1,519.85,1444717,75104224475000.0,27846,658032,0.45549999999999996
2018-04-26,RBLBANK,EQ,521.1,522.9,524.0,514.75,523.15,520.35,519.82,1091594,56743553554999.99,16248,562691,0.5155
2018-04-27,RBLBANK,EQ,520.35,526.3,545.0,526.3,540.4,537.65,538.12,3687851,198450671710000.0,53682,1030299,0.27940000000000004
2018-04-30,RBLBANK,EQ,537.65,541.0,541.8,525.9,527.5,530.55,533.21,3428458,182807738690000.0,47309,2273642,0.6631999999999999
