Date,Open,High,Low,Close,Volume,Turnover
2015-01-01,18728.2,18781.55,18638.85,18750.45,20469847.0,8101700000.0
2015-01-02,18752.2,19118.85,18752.2,19057.8,41288039.0,17134800000.0
2015-01-05,19155.2,19166.0,18987.7,19017.4,36318747.0,14974000000.0
2015-01-06,18874.6,18874.6,18388.35,18430.75,52069776.0,21246400000.0
2015-01-07,18382.55,18482.05,18211.5,18304.25,58241387.0,23415800000.0
2015-01-08,18587.1,18752.3,18486.2,18701.4,47744703.0,22087000000.0
2015-01-09,18845.9,18864.0,18479.65,18637.25,51848548.0,23607800000.000004
2015-01-12,18632.0,18822.05,18530.1,18795.85,35089936.0,14292000000.0
2015-01-13,18889.0,18920.65,18642.8,18707.2,44597947.0,20541400000.0
2015-01-14,18670.4,18769.65,18517.9,18603.8,41590949.0,18498900000.0
2015-01-15,19340.45,19410.4,19061.35,19235.65,86507935.0,36332500000.0
2015-01-16,19274.15,19275.8,19108.35,19223.15,64054519.0,27272600000.000004
2015-01-19,19345.65,19434.2,19299.1,19406.05,43457730.0,18412800000.0
2015-01-20,19446.8,19808.25,19446.8,19767.05,53748223.0,25064800000.0
2015-01-21,19811.85,19964.95,19803.15,19843.25,70754102.0,31072600000.000004
2015-01-22,19898.5,19964.25,19788.7,19917.65,48970464.0,20887100000.0
2015-01-23,20133.85,20167.65,19967.35,20072.7,60572191.0,25187500000.0
2015-01-27,20179.8,20609.25,20098.25,20555.25,54239370.0,23613900000.0
2015-01-28,20507.5,20907.55,20435.0,20491.75,67840741.0,31291300000.0
2015-01-29,20475.7,20579.0,20338.95,20528.6,74660443.0,33118000000.0
2015-01-30,20600.65,20600.65,19732.45,19843.75,120252455.0,41125800000.0
2015-02-02,19778.95,19991.4,19564.5,19865.9,90687967.0,36762700000.0
2015-02-03,19941.7,19963.7,19303.5,19382.95,107824150.0,39664500000.0
2015-02-04,19423.25,19423.25,19113.35,19174.0,81360048.0,31794300000.0
2015-02-05,19170.15,19444.65,18977.9,19051.9,70976148.0,26474899999.999996
2015-02-06,19066.25,19119.7,18740.35,18786.7,72602607.0,25473700000.0
2015-02-09,18650.0,18667.05,18379.6,18403.85,60429342.0,20795300000.000004
2015-02-10,18242.95,18933.7,18226.9,18752.5,95139429.0,35240000000.0
2015-02-11,18890.75,19051.8,18890.75,18940.8,56943797.0,20570100000.000004
2015-02-12,19073.45,19176.8,18739.85,19128.6,71078575.0,24795200000.0
2015-02-13,19284.3,19441.0,19164.25,19369.7,114369392.0,38223400000.0
2015-02-16,19518.85,19532.7,19127.15,19189.95,57732371.0,21225000000.0
2015-02-18,19226.4,19389.8,19171.9,19296.5,46736878.0,17403500000.0
2015-02-19,19296.15,19377.45,18876.25,19188.3,53870593.0,19564300000.0
2015-02-20,19157.3,19307.8,18882.25,19073.55,63838362.0,23214200000.0
2015-02-23,19199.15,19219.75,18835.35,18913.4,51088766.0,20712800000.000004
2015-02-24,18940.45,19022.15,18737.75,18883.8,59152218.0,23957600000.000004
2015-02-25,18969.2,19069.15,18700.2,18733.05,54229904.0,21221500000.0
2015-02-26,18781.4,18795.1,18489.6,18538.1,76878910.0,28943500000.0
2015-02-27,18659.65,19114.45,18654.85,19074.55,69819276.0,25817800000.000004
2015-02-28,19306.5,19776.9,19023.55,19691.2,100390043.0,40137800000.0
2015-03-02,19954.5,20065.5,19750.85,20008.1,76974161.0,35133800000.0
2015-03-03,20043.4,20043.4,19821.55,19961.2,58340797.0,23599400000.0
2015-03-04,20541.65,20541.65,19555.1,19643.9,118684182.0,47581100000.0
2015-03-05,19605.6,19830.35,19398.75,19748.0,59875106.0,24364600000.0
2015-03-09,19545.25,19545.25,19112.65,19145.55,53042357.0,20498300000.0
2015-03-10,19170.3,19271.8,18915.1,19054.4,57599232.0,21649300000.0
2015-03-11,19050.3,19181.8,18917.9,19044.0,55360126.0,20073100000.0
2015-03-12,19201.1,19255.9,19095.3,19141.85,41367973.0,16161700000.0
2015-03-13,19359.75,19376.85,18737.35,18779.8,54939717.0,20093700000.0
2015-03-16,18786.65,18912.85,18688.0,18837.35,48153899.0,18791400000.0
2015-03-17,18961.3,19121.85,18781.5,19058.25,47743992.0,17588700000.0
2015-03-18,19080.25,19234.4,18937.25,19147.25,59060854.0,21126000000.0
2015-03-19,19345.7,19373.45,18739.85,18811.15,51683013.0,21528400000.0
2015-03-20,18778.8,18782.95,18541.5,18606.35,62962667.0,23942600000.000004
2015-03-23,18695.05,18696.7,18409.9,18449.0,42987120.0,15774900000.0
2015-03-24,18348.35,18546.25,18289.75,18331.45,62690934.0,23212700000.0
2015-03-25,18364.3,18433.0,18271.6,18310.1,53985052.0,20212100000.0
2015-03-26,18138.8,18224.1,17729.1,17831.65,104061184.0,44443100000.00001
2015-03-27,18013.65,18092.4,17719.35,18044.8,79498523.0,28812500000.0
2015-03-30,18160.2,18393.25,18089.45,18361.8,50868224.0,18924700000.0
2015-03-31,18424.1,18494.35,18158.55,18206.65,57948741.0,20235100000.0
2015-04-01,18204.55,18668.85,18131.4,18617.85,45673069.0,15896900000.0
2015-04-06,18702.6,18702.6,18455.2,18605.45,47587506.0,17780800000.0
2015-04-07,18666.6,18669.6,18351.8,18469.3,53179556.0,20225100000.0
2015-04-08,18559.55,18595.6,18381.55,18416.6,45753359.0,16577300000.0
2015-04-09,18523.35,18894.75,18401.45,18875.85,72684119.0,26747700000.0
2015-04-10,18869.85,18896.5,18724.95,18800.85,54223553.0,19382900000.0
2015-04-13,18842.25,18890.65,18708.3,18798.25,43773210.0,16198200000.0
2015-04-15,18848.65,19038.5,18615.85,18716.3,66391246.0,26508200000.0
2015-04-16,18731.65,18731.65,18504.7,18637.05,55609375.0,22287600000.000004
2015-04-17,18618.5,18625.75,18321.75,18345.55,57298263.0,22427500000.0
2015-04-20,18386.25,18500.3,17984.65,18112.75,57294278.0,23016000000.0
2015-04-21,18102.3,18328.35,18036.9,18105.75,53177130.0,20986300000.0
2015-04-22,18196.85,18297.2,17798.65,18243.7,61974250.0,24528300000.0
2015-04-23,18350.35,18433.8,18143.75,18245.6,56980744.0,27263900000.0
2015-04-24,18290.75,18290.75,17916.8,18001.9,52289660.0,21002800000.000004
2015-04-27,18063.6,18075.7,17738.9,17767.6,66541958.0,23609400000.0
2015-04-28,17766.55,18320.1,17766.55,18246.25,77448235.0,29079300000.0
2015-04-29,18255.8,18431.9,18202.4,18302.65,60010265.0,23539600000.0
2015-04-30,18318.85,18430.05,18163.9,18338.1,92163016.0,38635500000.0
2015-05-04,18417.5,18586.3,18350.95,18501.3,38833685.0,14543500000.0
2015-05-05,18500.0,18563.05,18396.8,18471.45,39419171.0,18444000000.0
2015-05-06,18436.9,18580.1,17757.7,17799.55,66730522.0,26470600000.0
2015-05-07,17751.4,17751.4,17246.55,17376.9,60253207.0,23093600000.0
2015-05-08,17600.25,17907.5,17600.25,17796.6,88963421.0,28615400000.0
2015-05-11,17921.15,18240.65,17841.75,18199.75,108498669.0,28340300000.000004
2015-05-12,18193.55,18193.55,17597.75,17628.65,69364982.0,22069000000.0
2015-05-13,17779.25,18127.8,17650.35,18097.45,63573496.0,22804100000.0
2015-05-14,18071.0,18156.95,17806.1,18116.2,54448233.0,18599500000.0
2015-05-15,18178.4,18260.3,18108.55,18183.15,63070882.0,22709600000.0
2015-05-18,18274.6,18439.7,18213.75,18422.95,46167235.0,16408300000.0
2015-05-19,18364.9,18556.05,18296.75,18380.4,54669360.0,19794000000.0
2015-05-20,18432.6,18619.6,18432.6,18555.15,42764836.0,15381300000.000002
2015-05-21,18593.85,18603.8,18398.65,18513.15,51708394.0,17364700000.0
2015-05-22,18560.85,18755.45,18354.55,18433.3,110163572.0,33886700000.0
2015-05-25,18405.05,18475.55,18302.5,18324.85,52100958.0,17037000000.0
2015-05-26,18339.1,18378.2,18226.0,18329.3,35176215.0,12194000000.0
2015-05-27,18299.65,18561.5,18236.25,18538.85,47772490.0,16011300000.000002
2015-05-28,18562.75,18639.65,18381.75,18449.2,78588818.0,27381500000.0
2015-05-29,18486.4,18751.2,18461.45,18721.35,58085375.0,20090800000.0
2015-06-01,18721.15,18832.5,18598.7,18617.0,35755937.0,13526800000.0
2015-06-02,18656.05,18656.05,17932.3,17977.3,66799306.0,23316000000.0
2015-06-03,17978.15,17978.15,17567.2,17721.4,73475921.0,25064600000.0
2015-06-04,17757.35,17777.9,17469.65,17719.2,68045447.0,23166000000.0
2015-06-05,17679.9,17786.5,17506.25,17549.25,59916302.0,21351700000.0
2015-06-08,17542.5,17561.4,17358.45,17432.6,61733263.0,20147900000.0
2015-06-09,17413.45,17560.5,17392.95,17489.9,57344058.0,19280300000.0
2015-06-10,17485.9,17782.0,17485.9,17707.25,49732467.0,18516700000.0
2015-06-11,17819.6,17821.9,17264.2,17304.4,75497870.0,25988800000.0
2015-06-12,17298.45,17551.35,17174.7,17523.55,56900277.0,19787500000.0
2015-06-15,17499.35,17579.0,17366.15,17458.7,51230225.0,17879000000.0
2015-06-16,17368.45,17651.9,17293.45,17602.45,47541970.0,16937800000.0
2015-06-17,17681.2,17692.55,17533.45,17584.05,50116633.0,18304900000.0
2015-06-18,17661.9,17797.35,17630.65,17733.55,53456551.0,19309600000.0
2015-06-19,17758.95,17935.3,17730.7,17880.85,45309746.0,15249800000.0
2015-06-22,17956.55,18420.95,17950.6,18334.5,61419191.0,21541200000.0
2015-06-23,18414.55,18499.6,18287.25,18391.35,61660708.0,21121900000.0
2015-06-24,18403.9,18499.75,18304.95,18365.55,50177396.0,17668600000.0
2015-06-25,18312.85,18539.15,18278.7,18492.9,83574982.0,28227800000.000004
2015-06-26,18461.6,18461.6,18199.25,18371.5,51902054.0,17403100000.0
2015-06-29,17962.5,18291.75,17821.9,18241.25,56450814.0,18462600000.0
2015-06-30,18204.85,18342.5,18086.8,18296.1,57085356.0,19785000000.0
2015-07-01,18275.6,18629.15,18261.9,18581.6,58558613.0,20342900000.0
2015-07-02,18605.1,18642.85,18513.3,18585.55,46594751.0,18383000000.0
2015-07-03,18535.7,18756.65,18535.7,18729.65,37531821.0,14230100000.0
2015-07-06,18488.35,18855.9,18417.35,18825.15,42769838.0,16924000000.0
2015-07-07,18794.1,18980.65,18713.15,18798.5,46335758.0,16801000000.0
2015-07-08,18579.65,18669.45,18402.85,18463.15,61686240.0,25208400000.0
2015-07-09,18442.15,18584.0,18409.2,18508.7,40159309.0,15304600000.0
2015-07-10,18584.95,18767.8,18534.55,18719.8,47365522.0,16556600000.0
2015-07-13,18753.8,18929.2,18657.6,18893.55,44253570.0,19203800000.0
2015-07-14,18913.75,18940.85,18734.4,18780.2,41870853.0,15542300000.0
2015-07-15,18801.5,18894.9,18773.9,18816.25,39321890.0,12786600000.0
2015-07-16,18870.5,19195.4,18867.5,19168.05,59754376.0,26297600000.000004
2015-07-17,19175.3,19229.05,19069.3,19094.7,37799797.0,15409900000.0
2015-07-20,19126.1,19149.05,18852.7,19032.7,57348699.0,14746500000.0
2015-07-21,19042.95,19101.5,18702.45,18723.4,40091629.0,14560100000.0
2015-07-22,18683.3,19038.15,18613.6,18997.0,45250592.0,16614800000.0
2015-07-23,18990.85,19091.45,18819.25,18865.0,41291991.0,15213900000.000002
2015-07-24,18832.45,18860.75,18613.55,18635.85,59850422.0,22915200000.0
2015-07-27,18566.55,18566.55,18187.45,18213.05,48338057.0,17154000000.0
2015-07-28,18250.65,18379.1,18174.2,18282.8,92774462.0,25753900000.0
2015-07-29,18331.55,18383.65,18264.3,18323.4,54583692.0,19223400000.0
2015-07-30,18383.0,18521.75,18367.2,18440.4,106468416.0,28925900000.0
2015-07-31,18489.85,18828.85,18474.8,18729.85,117407559.0,36497800000.0
2015-08-03,18782.65,19016.4,18782.65,18914.7,94100555.0,29110800000.0
2015-08-04,18968.25,19067.35,18758.9,18972.6,104132738.0,32003100000.0
2015-08-05,19047.3,19103.7,18868.65,18928.55,67018432.0,19606500000.0
2015-08-06,18946.3,19100.55,18830.4,19029.35,59517717.0,18324700000.0
2015-08-07,18992.8,19019.65,18849.15,18893.55,41653570.0,12999100000.0
2015-08-10,18926.1,19071.35,18781.3,18875.0,43121213.0,14469500000.0
2015-08-11,18918.55,18918.55,18555.5,18616.9,76413031.0,22729000000.0
2015-08-12,18515.2,18515.2,18034.75,18059.75,68321743.0,21432000000.0
2015-08-13,18211.5,18359.25,18080.5,18175.4,56495503.0,18789400000.0
2015-08-14,18275.5,18766.0,18193.1,18723.6,68472344.0,21898500000.0
2015-08-17,18763.05,18896.45,18580.65,18822.05,122687958.0,32494000000.0
2015-08-18,18862.15,18874.1,18595.5,18780.85,81705775.0,23634699999.999996
2015-08-19,18753.45,18803.5,18636.1,18703.25,54367547.0,17199500000.0
2015-08-20,18533.25,18711.35,18219.9,18283.1,76744606.0,26333600000.0
2015-08-21,17978.25,18118.8,17842.1,18057.2,86612685.0,30615200000.0
2015-08-24,17446.35,17446.35,16740.7,16811.8,138307572.0,44580200000.00001
2015-08-25,17084.15,17269.15,16670.55,17192.75,123179428.0,36597200000.0
2015-08-26,17113.1,17172.2,16875.5,16917.65,83956178.0,23703100000.0
2015-08-27,17175.65,17249.5,17061.85,17214.4,115472196.0,35732800000.0
2015-08-28,17425.3,17569.8,17099.8,17211.95,76587431.0,25485700000.0
2015-08-31,17137.25,17353.3,17028.9,17146.55,69185388.0,20151800000.0
2015-09-01,16983.8,16983.8,16436.85,16530.3,82805160.0,25613200000.0
2015-09-02,16703.95,16714.5,16218.65,16252.7,92263285.0,27211000000.0
2015-09-03,16404.95,16607.4,16320.55,16555.4,67618554.0,20450400000.0
2015-09-04,16444.2,16444.2,15933.15,16129.1,88284844.0,25443200000.0
2015-09-07,16222.2,16273.35,15762.2,15790.1,70985097.0,20715200000.0
2015-09-08,15888.5,16419.0,15819.55,16350.95,82216809.0,27223700000.0
2015-09-09,16658.35,16781.55,16462.45,16631.5,86171475.0,28090000000.0
2015-09-10,16351.75,16711.55,16192.25,16597.65,62602462.0,19362500000.0
2015-09-11,16682.25,16781.15,16518.8,16612.6,62307225.0,18839300000.0
2015-09-14,16596.5,16937.9,16525.15,16911.8,50037659.0,16328200000.0
2015-09-15,16905.8,16919.45,16681.55,16739.55,62041195.0,20061400000.0
2015-09-16,16885.2,17015.75,16780.15,16964.85,56132969.0,19184700000.0
2015-09-18,17184.25,17602.0,17156.2,17409.15,101963107.0,34900400000.0
2015-09-21,17186.05,17571.3,17178.85,17542.9,54440559.0,17550300000.0
2015-09-22,17574.6,17652.35,16946.25,17031.15,66788167.0,21060000000.0
2015-09-23,16783.8,17309.7,16759.0,17255.3,62555647.0,20581600000.0
2015-09-24,17206.1,17283.1,17070.55,17196.65,57933912.0,20582800000.000004
2015-09-28,17286.25,17384.75,17073.95,17100.3,44270111.0,16101800000.0
2015-09-29,16859.75,17461.35,16648.3,17281.2,121822683.0,41466300000.0
2015-09-30,17404.75,17449.85,17100.2,17216.3,69972702.0,24519400000.0
2015-10-01,17362.95,17390.6,17111.65,17150.2,47938874.0,16726600000.0
2015-10-05,17373.55,17699.75,17362.7,17674.05,63887128.0,22197000000.0
2015-10-06,17822.7,17827.15,17493.75,17605.35,54328513.0,17858000000.0
2015-10-07,17577.5,17674.55,17500.35,17616.8,50519627.0,17815900000.0
2015-10-08,17622.85,17622.85,17401.2,17474.3,50874056.0,17398300000.0
2015-10-09,17640.4,17749.55,17498.45,17590.25,56206754.0,20611500000.0
2015-10-12,17642.6,17759.8,17546.95,17583.15,51852861.0,14864200000.0
2015-10-13,17530.55,17632.25,17473.7,17554.85,42876621.0,13786300000.000002
2015-10-14,17453.0,17598.1,17434.05,17543.25,36203784.0,11829800000.0
2015-10-15,17604.45,17752.7,17582.85,17686.1,45583753.0,15584400000.0
2015-10-16,17701.5,17947.75,17583.55,17912.85,47119014.0,15833400000.0
2015-10-19,17911.65,17954.9,17817.95,17855.05,33082057.0,10944600000.0
2015-10-20,17843.65,17940.4,17755.65,17830.25,43600373.0,14180300000.0
2015-10-21,17814.55,17891.75,17565.35,17710.55,75991251.0,15857100000.0
2015-10-23,17859.75,17980.5,17852.55,17934.05,52769531.0,16412700000.0
2015-10-26,18027.1,18029.05,17798.65,17815.05,48475058.0,15105800000.0
2015-10-27,17738.45,17855.35,17738.45,17806.3,44418165.0,17295500000.0
2015-10-28,17589.35,17682.45,17281.4,17373.15,88770165.0,33502500000.0
2015-10-29,17388.4,17400.2,17178.85,17212.2,83585173.0,32125200000.0
2015-10-30,17249.9,17399.1,17170.35,17354.5,76279136.0,27692399999.999996
2015-11-02,17351.45,17372.25,17208.95,17340.6,48711521.0,15924900000.0
2015-11-03,17436.5,17466.2,17265.05,17325.6,44370782.0,15207200000.0
2015-11-04,17449.0,17449.0,17175.65,17221.05,41020104.0,13060000000.0
2015-11-05,17166.45,17166.45,16957.35,16995.1,46706567.0,15166099999.999998
2015-11-06,17003.0,17143.6,16911.6,17086.5,120185655.0,29014400000.0
2015-11-09,16667.9,17069.0,16587.25,17003.0,80562033.0,25199100000.0
2015-11-10,16895.2,17047.3,16805.05,16836.0,60864871.0,16928900000.000002
2015-11-11,16944.7,17016.8,16935.9,16956.0,10972178.0,3930400000.0
2015-11-13,16829.3,16962.55,16741.8,16932.85,47160823.0,16557400000.0
2015-11-16,16881.65,17230.5,16855.5,17184.9,50710286.0,15433000000.0
2015-11-17,17302.55,17302.55,17028.2,17140.45,53695877.0,16085700000.0
2015-11-18,17108.9,17186.7,16787.55,16812.1,44250311.0,13421000000.0
2015-11-19,16944.35,17110.35,16874.7,17071.9,42911555.0,14270000000.0
2015-11-20,17022.7,17262.85,16931.3,17055.6,56529641.0,18624900000.0
2015-11-23,17120.25,17126.35,16969.35,17060.25,45465543.0,14305500000.0
2015-11-24,17012.85,17108.4,16964.9,16988.65,39690936.0,12653599999.999998
2015-11-26,16988.2,17111.45,16972.6,17036.55,74810537.0,26908000000.0
2015-11-27,17095.2,17403.65,17049.55,17370.95,70130117.0,20974300000.0
2015-11-30,17336.25,17498.35,17336.25,17430.4,57553672.0,18612200000.0
2015-12-01,17456.75,17495.45,17353.85,17398.55,40750147.0,13958300000.0
2015-12-02,17457.15,17470.85,17164.0,17218.5,40854274.0,12631800000.0
2015-12-03,17137.8,17219.0,17080.25,17110.1,41691597.0,13238400000.0
2015-12-04,17009.45,17009.45,16880.35,16897.3,47280436.0,15229800000.0
2015-12-07,17018.0,17031.85,16921.75,16947.0,34913097.0,11629100000.0
2015-12-08,16888.65,16943.05,16783.65,16801.15,43130595.0,13405500000.0
2015-12-09,16762.15,16868.6,16626.55,16660.75,41301150.0,12742400000.0
2015-12-10,16697.2,16745.25,16573.15,16711.05,50821530.0,16999500000.0
2015-12-11,16751.35,16758.7,16260.1,16342.5,79358482.0,23866500000.0
2015-12-14,16212.4,16440.85,16205.8,16350.65,60757601.0,18616000000.0
2015-12-15,16342.35,16425.15,16188.05,16398.65,56408351.0,17148100000.0
2015-12-16,16464.5,16640.4,16363.9,16579.4,67659792.0,19851400000.0
2015-12-17,16704.05,16771.8,16544.65,16741.5,72117905.0,20817300000.0
2015-12-18,16719.45,16737.7,16572.75,16594.3,68363392.0,20302900000.0
2015-12-21,16593.4,16848.6,16580.65,16825.15,43038799.0,12560700000.0
2015-12-22,16810.7,16946.1,16704.15,16749.2,55650655.0,15699600000.0
2015-12-23,16828.35,16913.15,16812.5,16882.5,37200425.0,10778300000.0
2015-12-24,16926.95,16939.6,16756.9,16811.0,27091752.0,8072600000.0
2015-12-28,16843.4,17019.0,16843.4,16979.15,41135712.0,13651000000.0
2015-12-29,16988.3,17045.55,16921.15,16991.45,36299594.0,11537100000.0
2015-12-30,16997.5,17011.3,16889.05,16917.9,40935766.0,11015000000.0
2015-12-31,16916.05,16972.25,16896.65,16922.2,59187548.0,17426600000.0
2016-01-01,16932.5,17067.45,16824.05,17039.25,29215687.0,8424800000.0
2016-01-04,16966.35,16966.35,16575.45,16599.15,52324127.0,15415000000.0
2016-01-05,16652.05,16670.2,16474.85,16542.5,53646729.0,13982800000.0
2016-01-06,16505.45,16614.95,16377.65,16433.15,55221322.0,14978500000.0
2016-01-07,16256.55,16256.55,16049.75,16073.85,76230933.0,21237000000.0
2016-01-08,16135.4,16229.0,16104.1,16142.65,53483569.0,15591400000.000002
2016-01-11,15979.05,16156.8,15840.6,16016.25,67298931.0,18077900000.0
2016-01-12,16080.4,16080.4,15699.4,15734.8,98499719.0,23176300000.0
2016-01-13,15835.05,15956.25,15532.25,15871.85,113380181.0,27884400000.0
2016-01-14,15612.1,15803.2,15453.4,15609.8,81791556.0,20788800000.0
2016-01-15,15621.85,15650.7,15154.35,15206.3,98894244.0,23703500000.0
2016-01-18,15165.2,15270.4,14956.95,15020.8,121191177.0,28586900000.0
2016-01-19,15086.75,15338.2,15086.75,15269.65,85097353.0,22449400000.0
2016-01-20,15059.5,15533.45,14754.65,14935.5,92651950.0,23871000000.0
2016-01-21,15132.2,15364.6,14918.15,15101.2,109781594.0,28687100000.0
2016-01-22,15343.15,15575.65,15274.9,15497.55,87614131.0,21711300000.0
2016-01-25,15667.0,15682.65,15495.1,15561.15,66198778.0,18183700000.0
2016-01-27,15648.4,15673.95,15442.2,15534.6,68640342.0,16202800000.0
2016-01-28,15569.55,15572.2,15349.75,15381.45,85676389.0,22530600000.0
2016-01-29,15140.15,15554.9,15136.85,15522.4,137127980.0,39615100000.0
2016-02-01,15547.75,15565.5,15281.35,15314.45,101914265.0,29315700000.0
2016-02-02,15353.6,15463.45,15018.85,15068.0,117353243.0,28408400000.0
2016-02-03,14897.4,14947.8,14777.75,14834.05,84639389.0,21695100000.000004
2016-02-04,14969.2,14978.35,14761.4,14869.15,91114395.0,23156500000.0
2016-02-05,14928.25,15211.9,14890.9,15162.05,97272505.0,24865800000.0
2016-02-08,15206.3,15367.9,14960.1,15046.8,89200251.0,21706500000.0
2016-02-09,14830.4,14964.9,14760.8,14875.1,104650249.0,21880700000.0
2016-02-10,14740.2,14779.15,14490.2,14588.45,125483478.0,26718700000.0
2016-02-11,14518.65,14530.8,13969.85,14028.55,177103186.0,35579500000.0
2016-02-12,14088.6,14154.55,13810.6,13971.5,159082790.0,38698800000.0
2016-02-15,14120.9,14548.15,14120.5,14445.0,173684225.0,36230000000.0
2016-02-16,14602.25,14602.25,14136.8,14166.45,122479893.0,26615700000.0
2016-02-17,14165.25,14186.1,13892.1,14119.85,132908648.0,27371100000.0
2016-02-18,14301.75,14385.65,14180.9,14298.15,108987470.0,24025100000.000004
2016-02-19,14243.45,14395.85,14207.35,14344.2,99325491.0,20161800000.0
2016-02-22,14331.2,14467.15,14322.65,14384.8,68267346.0,15364000000.0
2016-02-23,14373.3,14373.3,13961.75,14008.35,81430644.0,19657600000.0
2016-02-24,13873.7,13974.5,13760.25,13794.05,92126868.0,20314600000.0
2016-02-25,13844.45,13844.45,13519.9,13555.7,107787803.0,23754400000.0
2016-02-26,13715.1,13889.25,13595.2,13791.45,102344200.0,21558400000.0
2016-02-29,13818.9,14222.3,13407.25,13946.4,262463001.0,65382800000.0
2016-03-01,14064.8,14445.7,14064.8,14412.9,99318596.0,23407800000.000004
2016-03-02,14770.35,15138.7,14767.3,15092.45,176235867.0,39662900000.0
2016-03-03,15150.05,15206.25,15000.05,15177.75,106177314.0,26594200000.0
2016-03-04,15243.75,15451.75,15005.5,15339.2,131358681.0,27553300000.0
2016-03-08,15323.45,15326.65,15066.5,15146.5,93409280.0,21721200000.0
2016-03-09,15022.35,15331.25,14989.4,15279.05,103166377.0,25323900000.0
2016-03-10,15347.45,15354.15,15098.5,15180.65,71231660.0,18425200000.0
2016-03-11,15133.75,15343.55,15024.8,15168.2,76974856.0,21538800000.0
2016-03-14,15309.05,15416.15,15220.15,15277.8,62568481.0,16519600000.0
2016-03-15,15310.45,15386.85,15268.1,15326.8,75740344.0,20084400000.0
2016-03-16,15304.35,15489.5,15178.3,15461.7,80437373.0,20709600000.0
2016-03-17,15622.3,15704.75,15312.5,15444.0,103772808.0,28586400000.0
2016-03-18,15485.8,15678.55,15456.2,15654.85,71783060.0,18960000000.0
2016-03-21,15735.55,15945.8,15735.55,15926.1,73595488.0,19795700000.0
2016-03-22,15930.45,15967.85,15779.15,15936.0,58606010.0,16697500000.0
2016-03-23,15884.25,15919.6,15799.95,15887.75,64078807.0,19821900000.0
2016-03-28,15867.75,15890.7,15522.2,15604.9,83527683.0,26586900000.0
2016-03-29,15583.1,15774.1,15580.8,15666.25,69537187.0,18230300000.0
2016-03-30,15829.6,16167.5,15762.2,16134.85,93824682.0,24615800000.0
2016-03-31,16134.4,16282.75,16062.05,16141.65,161944757.0,40806100000.0
2016-04-01,16099.65,16235.8,16020.6,16174.9,90417981.0,21745500000.0
2016-04-04,16236.9,16278.5,16046.5,16190.6,72458835.0,19125800000.0
2016-04-05,16127.45,16147.15,15659.75,15695.0,125878076.0,31178700000.0
2016-04-06,15750.15,15768.55,15578.55,15636.95,71126678.0,18538600000.0
2016-04-07,15668.95,15726.6,15458.05,15530.75,70929338.0,16451199999.999998
2016-04-08,15519.3,15642.7,15483.05,15568.35,53833509.0,13961600000.0
2016-04-11,15623.35,15853.85,15440.25,15818.5,72003720.0,17730100000.0
2016-04-12,15809.1,15958.8,15794.15,15880.2,66751340.0,16484700000.0
2016-04-13,16087.95,16349.7,16080.55,16278.55,84613287.0,23622600000.000004
2016-04-18,16328.7,16330.55,16011.9,16222.7,63260117.0,18466900000.0
2016-04-20,16299.5,16386.35,16160.55,16349.7,85634855.0,21669100000.0
2016-04-21,16526.55,16769.55,16526.55,16637.15,149128885.0,36464400000.0
2016-04-22,16641.05,16755.85,16549.1,16703.4,117886991.0,28358400000.0
2016-04-25,16746.95,16767.9,16605.0,16678.65,80059352.0,20036000000.0
2016-04-26,16647.75,17029.85,16572.0,17002.55,104748280.0,30512600000.000004
2016-04-27,16869.35,16995.0,16827.35,16872.95,127303882.0,45309500000.0
2016-04-28,16885.8,17023.35,16692.7,16716.9,136491989.0,43430400000.0
2016-04-29,16712.95,16841.3,16527.55,16795.0,138730300.0,35717900000.0
2016-05-02,16614.0,16674.15,16519.55,16543.0,101321996.0,24914600000.0
2016-05-03,16570.75,16719.4,16358.4,16388.7,90747922.0,22218400000.0
2016-05-04,16320.1,16465.6,16250.5,16274.25,114513664.0,27420300000.000004
2016-05-05,16292.4,16398.25,16193.7,16281.0,90435449.0,24882300000.0
2016-05-06,16264.45,16346.25,16186.25,16296.6,74991308.0,17128599999.999998
2016-05-09,16357.0,16712.9,16357.0,16686.1,75762620.0,23731300000.0
2016-05-10,16710.05,16812.2,16613.9,16784.95,82060322.0,22636400000.0
2016-05-11,16544.25,16861.95,16518.75,16754.45,110386461.0,34615000000.0
2016-05-12,16881.25,16962.0,16779.5,16923.7,86110726.0,24809200000.0
2016-05-13,16891.7,16891.7,16594.55,16716.9,89058321.0,21558700000.0
2016-05-16,16744.15,16780.05,16431.65,16737.55,126894276.0,28904100000.0
2016-05-17,16818.4,16903.35,16738.7,16762.75,99004259.0,27894100000.0
2016-05-18,16671.7,16759.05,16556.6,16728.95,130870012.0,24303600000.0
2016-05-19,16725.45,16726.15,16535.75,16565.25,87516244.0,19954000000.0
2016-05-20,16600.8,16623.2,16455.4,16481.45,73956019.0,15849300000.0
2016-05-23,16560.15,16604.15,16368.0,16407.55,69309872.0,16184800000.0
2016-05-24,16422.35,16501.05,16368.6,16456.65,60212588.0,15314400000.0
2016-05-25,16600.65,17025.85,16599.05,16997.45,86513208.0,21909200000.0
2016-05-26,17037.6,17424.05,16971.35,17359.3,134389985.0,33682900000.0
2016-05-27,17348.35,17543.3,17327.65,17511.8,163233119.0,38403100000.0
2016-05-30,17580.85,17666.05,17484.8,17520.65,96747582.0,23716900000.0
2016-05-31,17615.1,17648.25,17462.2,17620.9,115964022.0,34916000000.0
2016-06-01,17670.85,17670.85,17392.85,17423.45,99164561.0,25479400000.0
2016-06-02,17405.15,17596.4,17350.45,17567.8,78335336.0,22426600000.0
2016-06-03,17657.2,17762.05,17649.05,17680.8,89366456.0,26705200000.0
2016-06-06,17710.45,17754.15,17636.9,17671.4,81251372.0,21903300000.0
2016-06-07,17796.55,18000.95,17713.35,17948.15,167578972.0,41953100000.00001
2016-06-08,17976.25,17995.8,17855.2,17946.8,123360967.0,28192399999.999996
2016-06-09,17955.8,17986.15,17801.55,17887.7,107528433.0,24379100000.0
2016-06-10,17830.2,18051.5,17815.25,17828.6,94174779.0,23924300000.0
2016-06-13,17620.55,17666.55,17527.55,17593.95,72871679.0,19678800000.0
2016-06-14,17698.95,17719.85,17575.95,17672.4,94796689.0,20727199999.999996
2016-06-15,17746.05,17943.65,17659.6,17917.9,119252898.0,27169600000.0
2016-06-16,17827.6,17827.6,17545.8,17671.3,132625249.0,29178900000.0
2016-06-17,17772.3,17843.15,17590.75,17696.05,91953442.0,22950700000.0
2016-06-20,17425.8,17779.0,17425.8,17718.6,110665302.0,25950400000.0
2016-06-21,17761.65,17763.3,17585.65,17619.1,73724929.0,17605300000.0
2016-06-22,17610.1,17755.25,17518.15,17626.05,68941887.0,19257800000.0
2016-06-23,17630.8,17907.5,17611.0,17892.45,71430195.0,20076700000.0
2016-06-24,17213.85,17459.2,16946.35,17426.05,164607648.0,41158600000.0
2016-06-27,17346.3,17611.2,17346.3,17514.95,89947886.0,21731700000.0
2016-06-28,17497.0,17626.7,17481.5,17561.55,73838256.0,18657000000.0
2016-06-29,17643.65,17728.95,17580.5,17689.9,60629596.0,17432700000.0
2016-06-30,17825.3,17975.05,17795.9,17935.4,118532313.0,33062800000.000004
2016-07-01,18019.7,18074.95,17955.3,17985.65,69395415.0,18971600000.0
2016-07-04,18091.75,18146.35,18054.8,18097.65,88028823.0,20664500000.0
2016-07-05,18122.4,18124.1,17989.6,18004.25,71760436.0,17298000000.0
2016-07-07,18036.3,18146.55,17997.1,18084.9,66110768.0,17440200000.0
2016-07-08,18078.05,18079.2,17910.9,18016.25,71384178.0,17718000000.0
2016-07-11,18268.15,18409.45,18243.3,18390.95,95542728.0,26835400000.0
2016-07-12,18527.85,18684.45,18464.15,18667.6,119959659.0,30005700000.0
2016-07-13,18704.9,18711.6,18546.25,18618.95,91794140.0,26564000000.0
2016-07-14,18633.5,18880.9,18580.2,18863.75,119591064.0,27088300000.0
2016-07-15,18887.9,19016.1,18772.45,18953.65,98893700.0,25672800000.000004
2016-07-18,18998.3,19158.0,18885.0,18923.4,89841318.0,22420500000.0
2016-07-19,18970.15,19030.05,18833.6,18905.15,119764169.0,28429600000.0
2016-07-20,18896.8,19016.25,18886.3,18968.2,76186713.0,20367500000.0
2016-07-21,18967.4,19000.3,18644.55,18674.3,82995275.0,24763800000.0
2016-07-22,18697.8,18735.4,18551.3,18690.4,98151354.0,22503000000.0
2016-07-25,18594.95,19035.35,18572.1,18989.6,134300249.0,35007400000.0
2016-07-26,18979.1,19044.45,18814.25,18860.85,108819760.0,30222399999.999996
2016-07-27,18908.45,19125.0,18882.4,19021.95,102758926.0,36140300000.0
2016-07-28,19050.4,19126.75,18998.8,19076.55,150822269.0,39400300000.0
2016-07-29,19047.05,19070.15,18912.6,18953.15,84588124.0,22662199999.999996
2016-08-01,18896.5,19078.5,18634.4,18740.6,107461841.0,29135900000.0
2016-08-02,18783.6,18866.55,18671.85,18708.25,93802673.0,23601400000.0
2016-08-03,18680.95,18775.4,18542.6,18602.0,79648244.0,22670100000.000004
2016-08-04,18724.9,18724.9,18443.65,18571.7,99891602.0,25439899999.999996
2016-08-05,18725.2,18943.15,18708.25,18925.95,86194390.0,24828900000.0
2016-08-08,18986.75,19028.7,18896.0,18939.45,62653821.0,19238700000.0
2016-08-09,18968.65,19008.15,18838.6,18933.3,80282306.0,22668300000.0
2016-08-10,18966.85,18985.25,18611.25,18647.8,77578944.0,21718300000.0
2016-08-11,18621.0,18699.2,18537.1,18640.4,101074835.0,25238200000.0
2016-08-12,18698.3,18986.8,18695.5,18963.7,198837215.0,49455400000.0
2016-08-16,19029.1,19062.2,18839.4,19002.15,94800297.0,28538800000.0
2016-08-17,19044.55,19138.35,18966.35,19041.25,81061925.0,23496500000.0
2016-08-18,19087.2,19367.45,19083.0,19352.8,81431396.0,26924000000.0
2016-08-19,19419.0,19457.4,19327.2,19414.7,110378474.0,30003800000.0
2016-08-22,19432.6,19493.2,19252.75,19330.25,72766030.0,22603900000.0
2016-08-23,19311.9,19372.65,19246.9,19341.65,75741851.0,21650900000.0
2016-08-24,19358.7,19392.2,19284.35,19355.6,59389952.0,18075000000.0
2016-08-25,19383.7,19432.75,19282.8,19304.25,91833496.0,33198800000.0
2016-08-26,19336.45,19358.0,19133.9,19195.75,62935384.0,19880300000.0
2016-08-29,19174.45,19247.85,19096.7,19217.0,56151054.0,20974800000.0
2016-08-30,19306.5,19546.35,19306.5,19531.55,78066462.0,28623500000.0
2016-08-31,19595.9,19823.4,19595.9,19787.6,227835482.0,126218500000.0
2016-09-01,19805.8,19928.2,19738.3,19788.85,73412522.0,23470600000.0
2016-09-02,19830.35,19911.25,19787.6,19883.2,55246832.0,18273000000.0
2016-09-06,19990.95,20459.45,19990.95,20426.2,102450560.0,34189100000.0
2016-09-07,20505.8,20575.8,20376.75,20406.9,182174112.0,50253800000.0
2016-09-08,20439.2,20477.4,20335.2,20417.25,84146556.0,31339600000.0
2016-09-09,20274.75,20349.7,20139.15,20245.3,99503901.0,43595100000.0
2016-09-12,19861.45,19861.45,19735.55,19790.6,97967394.0,34821400000.0
2016-09-14,19757.05,19953.15,19732.15,19909.15,87058786.0,30046800000.0
2016-09-15,19927.6,19955.4,19730.25,19837.55,68388707.0,23511100000.0
2016-09-16,19935.85,20227.2,19783.6,19855.45,139007912.0,53354300000.0
2016-09-19,19892.2,20014.4,19849.65,19906.85,64684600.0,26816900000.0
2016-09-20,19957.35,19964.3,19797.5,19852.3,55715315.0,20563100000.0
2016-09-21,19902.7,19937.85,19749.95,19828.45,62251845.0,21995300000.000004
2016-09-22,20153.1,20264.8,19996.9,20109.6,102577164.0,32006200000.0
2016-09-23,20136.75,20137.55,19861.45,19901.8,96847196.0,37806200000.0
2016-09-26,19792.2,19794.15,19568.35,19591.75,73982979.0,25525700000.0
2016-09-27,19652.95,19696.45,19479.15,19518.7,65845836.0,22546900000.0
2016-09-28,19542.0,19700.0,19509.65,19653.55,117247682.0,30740900000.0
2016-09-29,19762.3,19793.2,19059.05,19183.65,239435196.0,99801900000.0
2016-09-30,19116.0,19330.85,19085.2,19285.7,84247936.0,25895000000.0
2016-10-03,19395.55,19611.25,19363.95,19589.05,66410113.0,20333800000.0
2016-10-04,19641.75,19747.45,19527.35,19672.7,113388061.0,29288000000.0
2016-10-05,19801.3,19816.5,19492.8,19536.85,91727046.0,25291100000.0
2016-10-06,19518.55,19570.7,19325.8,19395.05,74619781.0,26862800000.000004
2016-10-07,19398.05,19456.0,19318.0,19400.1,62681646.0,18787000000.0
2016-10-10,19489.5,19501.45,19351.35,19378.55,40907508.0,12880500000.0
2016-10-13,19295.55,19295.55,18824.4,18954.25,95148972.0,29776600000.0
2016-10-14,19016.7,19053.5,18926.15,19020.15,61797883.0,18076400000.0
2016-10-17,19136.3,19241.75,19002.45,19070.4,123597409.0,34742600000.0
2016-10-18,19174.7,19511.8,19162.85,19495.05,104276455.0,33316400000.0
2016-10-19,19570.05,19576.3,19322.75,19412.1,65347496.0,22270700000.0
2016-10-20,19493.9,19722.85,19479.25,19658.7,97604833.0,32743300000.0
2016-10-21,19636.4,19744.0,19516.4,19710.9,69230448.0,23102100000.0
2016-10-24,19763.85,19897.85,19751.65,19807.9,77828035.0,23758500000.0
2016-10-25,19907.7,19922.7,19711.95,19834.9,90588204.0,24772100000.0
2016-10-26,19581.7,19725.9,19434.5,19483.6,143827550.0,46058800000.0
2016-10-27,19452.0,19544.2,19252.1,19514.6,87647894.0,32761500000.0
2016-10-28,19507.85,19589.7,19362.0,19555.95,68877003.0,22623600000.0
2016-10-30,19657.8,19666.8,19484.65,19523.55,8938951.0,2670899999.9999995
2016-11-01,19578.6,19591.65,19417.3,19458.6,61792854.0,19924700000.0
2016-11-02,19223.5,19296.55,19158.75,19227.9,74364554.0,25423900000.0
2016-11-03,19201.95,19319.65,19119.3,19178.7,65915418.0,19074100000.0
2016-11-04,19223.85,19223.9,18961.15,19058.1,76173129.0,23005800000.0
2016-11-07,19317.85,19378.0,19233.0,19356.0,77290268.0,21483500000.0
2016-11-08,19490.75,19549.45,19322.15,19500.8,83951456.0,24339300000.0
2016-11-09,18270.9,19587.8,18143.7,19518.25,169946993.0,51022299999.99999
2016-11-10,19827.5,20283.15,19787.45,20200.25,212502782.0,57079600000.0
2016-11-11,20033.85,20309.65,19704.35,19738.8,197925973.0,53292000000.0
2016-11-15,19808.35,19861.75,19240.45,19289.75,208769377.0,60183700000.0
2016-11-16,19591.25,19611.9,19088.4,19108.1,134590517.0,41726800000.0
2016-11-17,19115.9,19328.75,19009.85,19087.85,106724890.0,30447500000.0
2016-11-18,19180.3,19216.35,18897.1,18959.05,79393592.0,22720800000.0
2016-11-21,19063.8,19075.95,18351.25,18446.4,135622966.0,34563900000.0
2016-11-22,18626.7,18650.5,18322.7,18548.65,119912505.0,33573900000.0
2016-11-23,18660.55,18669.05,18449.7,18540.9,73799835.0,21424699999.999996
2016-11-24,18476.0,18476.35,18215.8,18256.1,120482500.0,36625600000.0
2016-11-25,18377.55,18546.35,18266.6,18507.3,81089308.0,23474400000.0
2016-11-28,18237.2,18471.65,18187.4,18301.45,106884555.0,30410500000.0
2016-11-29,18308.8,18427.4,18188.7,18223.75,81509358.0,24544000000.0
2016-11-30,18306.1,18667.85,18262.5,18627.8,89135261.0,28531300000.0
2016-12-01,18676.75,18713.1,18389.65,18428.45,62882921.0,19801400000.0
2016-12-02,18329.4,18490.5,18163.8,18247.65,84312899.0,24556500000.0
2016-12-05,18245.0,18434.25,18189.5,18408.9,45765934.0,14171600000.0
2016-12-06,18459.7,18499.75,18365.95,18420.9,55031739.0,15197500000.0
2016-12-07,18515.5,18588.75,17952.6,18234.15,100890980.0,27381100000.0
2016-12-08,18342.6,18558.75,18336.95,18515.45,55661159.0,17155000000.0
2016-12-09,18567.95,18739.65,18432.3,18695.8,75645795.0,21992600000.000004
2016-12-12,18616.05,18616.05,18364.05,18392.95,53579188.0,15513900000.000002
2016-12-13,18354.1,18492.85,18291.35,18466.05,54727502.0,16606000000.0
2016-12-14,18480.35,18485.45,18322.9,18341.5,56292640.0,18829600000.0
2016-12-15,18143.5,18532.0,18122.1,18401.15,82787720.0,27942900000.0
2016-12-16,18417.9,18428.45,18268.3,18312.8,81868151.0,30565700000.0
2016-12-19,18258.1,18316.8,18215.5,18257.05,37244360.0,11743300000.0
2016-12-20,18264.1,18274.9,18009.8,18069.4,53850831.0,16494500000.0
2016-12-21,18124.6,18167.15,18043.95,18084.5,45881955.0,14914600000.0
2016-12-22,18027.0,18029.6,17839.75,17891.45,50280389.0,15216000000.0
2016-12-23,17849.25,17962.3,17819.75,17884.0,53610316.0,15944000000.0
2016-12-26,17825.5,17860.85,17606.9,17655.55,45887571.0,13099500000.0
2016-12-27,17677.7,17907.35,17616.1,17879.55,50265645.0,14571400000.000002
2016-12-28,17929.2,18059.65,17829.15,17876.7,57498370.0,16921800000.0
2016-12-29,17861.45,18053.3,17829.4,18033.15,83313390.0,21412300000.0
2016-12-30,18026.35,18245.75,18016.8,18177.2,54349583.0,15468599999.999998
2017-01-02,18242.3,18249.0,17844.9,17969.6,74444730.0,18572400000.0
2017-01-03,18002.75,18115.05,17830.95,18035.6,64513818.0,17693000000.0
2017-01-04,18037.45,18092.85,17868.9,17891.0,50508161.0,16158500000.0
2017-01-05,18000.75,18164.05,17977.8,18115.95,68874940.0,22711800000.0
2017-01-06,18168.45,18325.5,18157.3,18264.0,65919927.0,21745900000.0
2017-01-09,18314.25,18373.1,18256.15,18286.65,42677260.0,14043800000.000002
2017-01-10,18351.45,18441.15,18275.75,18409.6,59993426.0,20121800000.0
2017-01-11,18535.35,18889.45,18515.25,18830.0,102842482.0,34934700000.0
2017-01-12,18885.45,18966.3,18805.85,18873.95,66286062.0,19825400000.0
2017-01-13,18949.7,18952.25,18781.25,18912.1,55762182.0,18553000000.0
2017-01-16,18899.7,19134.5,18865.25,19096.45,59319825.0,17407700000.0
2017-01-17,19128.15,19202.25,18981.85,19067.05,63686033.0,18626200000.0
2017-01-18,19074.85,19276.5,19072.1,19164.5,56898977.0,18713800000.0
2017-01-19,19165.35,19185.3,19046.1,19124.25,83679399.0,24097800000.000004
2017-01-20,18996.6,19071.65,18793.05,18820.8,110140976.0,38559000000.0
2017-01-23,18762.0,18909.65,18722.85,18842.7,97144867.0,32324500000.0
2017-01-24,18931.0,19054.3,18906.95,19023.5,81717037.0,31186200000.0
2017-01-25,19120.05,19518.45,19114.15,19473.2,131028002.0,46726700000.0
2017-01-27,19588.4,19794.95,19534.9,19708.3,157251635.0,46547900000.0
2017-01-30,19718.8,19767.05,19561.1,19585.25,71178678.0,21133700000.0
2017-01-31,19533.2,19624.1,19435.45,19515.15,67343878.0,23316600000.0
2017-02-01,19522.4,20047.85,19470.95,20020.6,145906975.0,45498500000.0
2017-02-02,20053.95,20146.9,19915.2,20070.3,116963782.0,32796400000.0
2017-02-03,20061.9,20229.65,20009.95,20196.8,113714035.0,30926600000.0
2017-02-06,20307.15,20462.45,20298.05,20371.6,99281709.0,28538500000.0
2017-02-07,20367.3,20426.95,20281.5,20327.25,109432014.0,28356000000.0
2017-02-08,20335.25,20362.8,20070.15,20245.4,85902788.0,26261700000.0
2017-02-09,20312.65,20406.6,20000.35,20151.15,107559620.0,27632500000.0
2017-02-10,20225.75,20310.0,20167.1,20213.9,117595817.0,33540800000.0
2017-02-13,20273.65,20308.7,20116.9,20251.8,108967330.0,31710100000.000004
2017-02-14,20304.5,20314.05,20158.85,20258.1,69832338.0,21847000000.0
2017-02-15,20282.1,20368.2,20115.85,20163.7,74195087.0,22642100000.0
2017-02-16,20243.25,20295.55,20088.2,20243.7,81485552.0,24959000000.0
2017-02-17,20918.45,21042.35,20449.65,20551.35,197061810.0,173891200000.0
2017-02-20,20494.85,20702.6,20472.4,20677.1,66182208.0,19000200000.0
2017-02-21,20695.9,20903.35,20619.25,20860.95,74587721.0,24728700000.0
2017-02-22,20937.6,20958.25,20829.65,20868.45,92261695.0,32345800000.0
2017-02-23,20887.65,21011.9,20828.4,20876.65,95406666.0,41170000000.0
2017-02-27,20853.45,20853.45,20584.75,20613.05,60499704.0,21474800000.0
2017-02-28,20632.85,20681.3,20560.6,20607.25,76658515.0,19943900000.0
2017-03-01,20698.9,20833.75,20678.75,20783.75,75542256.0,22215700000.0
2017-03-02,20885.0,20905.0,20516.9,20560.05,81044163.0,25314800000.0
2017-03-03,20572.85,20580.45,20423.35,20495.6,53179917.0,15301400000.000002
2017-03-06,20548.95,20727.5,20532.2,20663.65,56093806.0,17700900000.0
2017-03-07,20685.95,20701.25,20585.95,20627.5,47804156.0,16725800000.0
2017-03-08,20630.15,20715.2,20534.25,20676.55,63112788.0,24178600000.0
2017-03-09,20620.55,20780.25,20603.9,20721.35,59782379.0,20269100000.0
2017-03-10,20825.9,20876.95,20648.8,20727.55,53537238.0,19647700000.0
2017-03-14,21189.85,21274.45,21059.7,21102.7,98698328.0,34980100000.0
2017-03-15,21089.4,21216.9,21063.95,21157.9,75243419.0,23916100000.0
2017-03-16,21237.5,21289.8,21194.25,21249.9,73921069.0,23101900000.0
2017-03-17,21308.45,21336.05,21127.95,21175.05,92308641.0,37262300000.0
2017-03-20,21202.55,21202.55,21084.8,21110.25,50376495.0,18376900000.0
2017-03-21,21110.65,21146.5,20967.0,21019.0,72936344.0,24819600000.0
2017-03-22,20815.35,20899.0,20753.9,20781.35,83727177.0,33423100000.0
2017-03-23,20848.75,20934.75,20775.35,20895.5,60387250.0,23708200000.0
2017-03-24,20987.6,21174.1,20929.15,21122.55,124797100.0,34693800000.0
2017-03-27,21178.1,21179.2,20979.55,21056.9,97615919.0,27249600000.0
2017-03-28,21229.0,21264.95,21145.0,21225.4,95258847.0,30851100000.0
2017-03-29,21291.45,21418.6,21255.75,21391.15,119195883.0,38227300000.0
2017-03-30,21374.35,21696.0,21331.9,21620.7,111132480.0,43101000000.0
2017-03-31,21551.85,21574.15,21414.0,21444.15,103206746.0,30060800000.0
2017-04-03,21539.2,21565.45,21408.6,21547.75,61067763.0,19066100000.0
2017-04-05,21602.2,21699.3,21499.75,21652.7,84599454.0,26878800000.0
2017-04-06,21572.7,21674.0,21488.9,21622.95,93689427.0,30460900000.0
2017-04-07,21536.5,21616.85,21397.0,21431.15,96285404.0,22491700000.0
2017-04-10,21492.05,21552.1,21396.05,21520.15,57491405.0,18997500000.0
2017-04-11,21521.45,21753.35,21483.55,21736.15,89433764.0,25730000000.0
2017-04-12,21735.65,21787.1,21551.75,21666.8,78966353.0,22622000000.0
2017-04-13,21651.25,21758.85,21627.0,21686.6,71469667.0,21036800000.0
2017-04-17,21700.5,21743.3,21576.75,21647.6,49031440.0,16137000000.0
2017-04-18,21706.05,21947.0,21634.15,21671.85,85174794.0,25190300000.000004
2017-04-19,21674.1,21706.3,21470.2,21556.35,81449296.0,29822300000.0
2017-04-20,21419.45,21558.85,21396.0,21491.4,100132829.0,40725800000.0
2017-04-21,21567.5,21614.55,21386.2,21551.45,77253527.0,31801400000.0
2017-04-24,21591.9,21884.85,21578.65,21857.4,84637572.0,34268300000.0
2017-04-25,21960.65,22093.25,21900.3,22054.7,88819491.0,29512500000.0
2017-04-26,22158.65,22276.05,21814.9,22242.85,133893025.0,34402500000.0
2017-04-27,22274.05,22380.85,22169.8,22326.3,166567366.0,51215700000.0
2017-04-28,22296.8,22383.0,22182.55,22358.25,167782299.0,34358700000.0
2017-05-02,22412.55,22492.15,22266.15,22341.35,140738147.0,32718100000.0
2017-05-03,22445.85,22449.0,22240.05,22307.3,130697797.0,29997900000.0
2017-05-04,22618.3,22743.7,22449.9,22720.1,226413641.0,65773100000.00001
2017-05-05,22844.85,22853.55,22514.0,22604.95,255187439.0,63714399999.99999
2017-05-08,22678.45,22835.15,22632.5,22767.35,106479323.0,31705700000.0
2017-05-09,22820.8,22835.35,22664.35,22707.3,81028829.0,23506800000.0
2017-05-10,22767.75,22859.4,22742.05,22830.35,73498955.0,23533400000.0
2017-05-11,22916.05,22977.85,22764.65,22818.45,78856978.0,25576000000.0
2017-05-12,22840.4,22859.15,22578.0,22671.7,96397424.0,42783200000.0
2017-05-15,22735.85,22891.7,22730.35,22821.5,74700041.0,32078300000.0
2017-05-16,22857.6,22944.1,22727.65,22928.6,134784390.0,38364100000.0
2017-05-17,22972.35,22978.15,22830.1,22935.95,96263996.0,30280400000.0
2017-05-18,22750.45,22834.55,22660.2,22698.6,113423012.0,40138900000.0
2017-05-19,22761.95,22902.25,22628.45,22769.8,154944222.0,49459000000.0
2017-05-22,22874.8,22918.35,22637.75,22652.85,99779442.0,30933100000.0
2017-05-23,22674.9,22740.4,22492.2,22582.8,114212196.0,33643600000.0
2017-05-24,22624.5,22673.4,22469.8,22536.3,91993332.0,28411500000.0
2017-05-25,22573.65,23267.8,22570.35,23190.8,132711087.0,48306000000.0
2017-05-26,23151.4,23408.35,23092.35,23362.2,78876968.0,26316400000.0
2017-05-29,23310.6,23464.0,23141.15,23182.75,60052384.0,20708300000.0
2017-05-30,23142.1,23337.15,23093.95,23307.25,66704876.0,20506700000.0
2017-05-31,23321.2,23469.45,23248.5,23424.8,182918715.0,58662600000.0
2017-06-01,23394.1,23396.15,23224.05,23310.15,81509629.0,24885000000.0
2017-06-02,23435.2,23453.3,23308.4,23375.9,67217648.0,21389000000.0
2017-06-05,23397.4,23494.7,23349.95,23459.65,52203667.0,18321800000.0
2017-06-06,23523.05,23536.1,23381.7,23416.3,54088336.0,18922700000.0
2017-06-07,23482.85,23606.15,23427.55,23567.65,56452419.0,17936600000.0
2017-06-08,23630.35,23659.1,23514.2,23536.1,64825589.0,23014500000.0
2017-06-09,23483.95,23708.65,23476.85,23690.9,58400790.0,19467200000.0
2017-06-12,23610.15,23630.1,23441.8,23470.45,56374007.0,17527100000.0
2017-06-13,23447.0,23615.2,23446.9,23477.85,47770607.0,15687500000.0
2017-06-14,23555.3,23562.8,23399.4,23498.7,81088281.0,27060600000.0
2017-06-15,23444.7,23473.3,23311.85,23391.75,72763994.0,21502000000.0
2017-06-16,23448.6,23527.65,23391.0,23502.75,102155200.0,33019300000.0
2017-06-19,23571.35,23806.65,23535.7,23742.15,60483537.0,22072900000.0
2017-06-20,23720.6,23760.35,23651.2,23697.95,71814671.0,21456400000.0
2017-06-21,23638.15,23760.75,23610.2,23708.75,62327766.0,18791900000.0
2017-06-22,23716.85,23897.85,23694.15,23736.1,79042264.0,26718200000.0
2017-06-23,23772.3,23786.5,23507.5,23542.75,74946434.0,22965400000.0
2017-06-27,23636.95,23640.1,23055.75,23216.25,101336046.0,31707100000.0
2017-06-28,23209.55,23322.55,23113.65,23235.85,95524464.0,30086500000.0
2017-06-29,23312.4,23476.0,23124.35,23227.3,146858174.0,43412299999.99999
2017-06-30,23137.25,23254.1,22996.4,23211.2,70715291.0,23269300000.0
2017-07-03,23240.35,23330.1,23144.3,23272.8,51036105.0,17296200000.0
2017-07-04,23325.5,23363.05,23163.7,23214.2,55294067.0,17401400000.0
2017-07-05,23241.9,23380.35,23205.55,23352.6,89709252.0,18632900000.0
2017-07-06,23399.5,23540.15,23369.5,23466.65,130090775.0,25249000000.0
2017-07-07,23463.75,23492.6,23400.6,23449.15,88942526.0,19229700000.0
2017-07-10,23583.25,23964.8,23289.9,23675.05,36606673.0,7049000000.0
2017-07-11,23744.55,23744.55,23552.6,23584.6,78963065.0,24862399999.999996
2017-07-12,23623.75,23736.55,23523.65,23695.45,69663347.0,21158300000.0
2017-07-13,23817.25,23938.0,23811.0,23888.65,84983841.0,34155700000.0
2017-07-14,23949.5,23963.65,23755.95,23937.7,71052482.0,22422300000.0
2017-07-17,24011.4,24066.1,23913.65,24015.05,65783041.0,19479000000.0
2017-07-18,23958.15,24147.45,23942.1,24022.05,75082364.0,22163100000.0
2017-07-19,24069.2,24180.75,24053.7,24152.65,72823157.0,25892700000.0
2017-07-20,24170.65,24299.6,24170.65,24213.35,91515347.0,36681700000.0
2017-07-21,24231.4,24289.3,24066.9,24257.05,65322497.0,19781500000.0
2017-07-24,24307.7,24460.55,24234.65,24420.85,74481260.0,31852399999.999996
2017-07-25,24622.9,24624.65,24450.2,24520.7,76545885.0,29881600000.0
2017-07-26,24578.15,24720.9,24484.9,24670.7,132701870.0,46781000000.0
2017-07-27,24857.5,25032.25,24799.4,24922.4,152249420.0,65189200000.0
2017-07-28,24744.55,24859.75,24651.05,24811.3,100038906.0,45081300000.0
2017-07-31,24880.6,25168.1,24828.5,25103.65,130095973.0,46185600000.00001
2017-08-01,25152.85,25179.5,25000.9,25122.8,71831819.0,28301800000.0
2017-08-02,25190.4,25198.8,24926.25,25055.2,86354876.0,26589699999.999996
2017-08-03,25002.85,25005.15,24619.6,24675.05,88206784.0,26813600000.0
2017-08-04,24629.5,24879.7,24591.8,24827.45,67776967.0,22268300000.0
2017-08-07,24854.15,24979.35,24844.45,24906.35,52223527.0,17039000000.0
2017-08-08,24942.2,24966.05,24534.35,24599.5,70792652.0,24386100000.0
2017-08-09,24519.25,24532.4,24328.1,24374.6,78290219.0,23962700000.0
2017-08-10,24300.45,24326.9,23822.2,24217.35,87718421.0,29911000000.0
2017-08-11,23958.25,24191.2,23868.3,23985.75,157833300.0,47238200000.0
2017-08-14,24051.05,24212.15,24038.15,24115.75,76330838.0,24579500000.0
2017-08-16,24188.75,24461.2,23947.45,24437.7,94859044.0,31081700000.0
2017-08-17,24495.2,24496.2,24121.55,24237.25,69545034.0,21269400000.0
2017-08-18,24125.3,24130.15,23925.95,24074.45,60046818.0,18480700000.0
2017-08-21,24140.55,24258.95,23882.25,23936.5,69872289.0,24383500000.0
2017-08-22,24080.6,24127.45,23852.65,23974.45,70219974.0,23765600000.0
2017-08-23,24084.95,24350.0,24074.15,24316.8,69104870.0,22379699999.999996
2017-08-24,24374.75,24411.05,24224.85,24274.2,72359374.0,26081900000.0
2017-08-28,24351.25,24422.45,24301.35,24377.1,52177374.0,16857000000.0
2017-08-29,24302.0,24320.95,24103.3,24128.95,60922360.0,19753900000.0
2017-08-30,24253.05,24384.1,24241.3,24308.7,47423550.0,16082100000.0
2017-08-31,24354.35,24354.35,24207.7,24318.4,79848731.0,28706500000.0
2017-09-01,24389.2,24494.35,24319.2,24434.0,66906837.0,18275800000.0
2017-09-04,24456.3,24459.35,24156.4,24236.85,52531466.0,15546900000.0
2017-09-05,24272.6,24388.05,24256.3,24328.3,47757761.0,15827000000.0
2017-09-06,24192.4,24331.3,24151.1,24279.15,59006554.0,19962500000.0
2017-09-07,24324.85,24413.1,24246.9,24304.9,69696218.0,24190100000.000004
2017-09-08,24409.5,24419.25,24273.0,24370.8,47085077.0,17857200000.0
2017-09-11,24468.5,24735.35,24458.25,24672.25,60804947.0,29730800000.0
2017-09-12,24779.15,24821.35,24653.6,24784.7,66927717.0,23875800000.0
2017-09-13,24818.35,24948.8,24737.8,24831.8,68334647.0,20539500000.0
2017-09-14,24857.25,24994.3,24815.5,24912.25,77726236.0,27469500000.0
2017-09-15,24840.3,24916.85,24791.55,24844.3,114568146.0,37544900000.0
2017-09-18,24948.15,25105.35,24941.75,25046.9,65913355.0,23198400000.0
2017-09-19,25059.75,25103.45,24993.0,25041.55,60118203.0,18632000000.0
2017-09-20,24984.65,25052.6,24938.3,24965.05,87376241.0,26101700000.0
2017-09-21,24934.1,24992.5,24706.45,24799.25,72279851.0,21458000000.0
2017-09-22,24704.55,24709.7,24340.0,24368.85,91287072.0,28752300000.0
2017-09-25,24361.55,24363.8,24015.45,24165.05,92662078.0,30780600000.0
2017-09-26,24105.6,24236.95,24017.4,24199.15,66244294.0,22208500000.0
2017-09-27,24308.7,24331.85,23766.6,23812.95,80405424.0,25481200000.0
2017-09-28,23804.05,24074.2,23611.1,24008.15,136679326.0,51302700000.00001
2017-09-29,24114.0,24227.45,24004.8,24053.0,71703679.0,24726600000.0
2017-10-03,24200.6,24226.8,24007.25,24103.4,66828025.0,22616400000.0
2017-10-04,24124.15,24230.45,24058.65,24113.3,61740801.0,20153500000.0
2017-10-05,24114.75,24188.3,24033.35,24058.05,67125178.0,21467000000.0
2017-10-06,24083.55,24242.05,24074.35,24190.0,84205169.0,25061100000.0
2017-10-09,24209.55,24311.1,24156.05,24251.9,66557307.0,19018400000.0
2017-10-10,24304.8,24379.75,24273.65,24347.45,62757458.0,19373000000.0
2017-10-11,24411.45,24460.25,24054.25,24107.45,75494487.0,22416700000.0
2017-10-12,24151.45,24393.4,23978.4,24361.25,73274598.0,23490000000.0
2017-10-13,24411.1,24779.75,24387.8,24689.15,89300075.0,26619899999.999996
2017-10-16,24815.4,24878.65,24516.55,24703.05,118314121.0,30435000000.0
2017-10-17,24697.25,24809.15,24571.85,24645.6,,
2017-10-18,24354.75,24454.65,24270.05,24313.75,161557992.0,52662500000.0
2017-10-19,24238.4,24255.3,23923.7,24009.75,,
2017-10-23,24085.45,24151.0,23912.55,24088.9,97553776.0,31909300000.0
2017-10-24,24141.95,24293.25,24032.65,24222.15,111802359.0,36516500000.0
2017-10-25,24980.65,25157.8,24560.75,25035.9,855272765.0,244511600000.0
2017-10-26,24953.95,25186.05,24864.6,25022.2,432393230.0,135818799999.99998
2017-10-27,24887.6,24995.7,24798.65,24839.55,237949256.0,72126100000.0
2017-10-30,24873.65,25064.85,24808.55,24988.55,186719253.0,54313900000.0
2017-10-31,25042.1,25078.65,24948.1,25019.35,156985664.0,51927800000.0
2017-11-01,25197.3,25549.35,25171.75,25490.45,210657047.0,57489600000.0
2017-11-02,25508.4,25598.75,25405.5,25427.3,141562948.0,38927000000.0
2017-11-03,25531.4,25695.5,25394.95,25650.7,209613852.0,56905500000.0
2017-11-06,25569.0,25694.6,25529.5,25571.15,113274004.0,35220500000.0
2017-11-07,25669.1,25695.75,25248.95,25300.8,142004765.0,43390600000.00001
2017-11-08,25375.8,25435.6,25119.5,25184.35,129898237.0,43613300000.0
2017-11-09,25281.0,25385.2,25166.15,25291.35,107367752.0,34374700000.0
2017-11-10,25250.9,25598.55,25237.2,25498.95,194999284.0,61706700000.0
2017-11-13,25570.25,25611.55,25337.25,25358.3,128569682.0,43531899999.99999
2017-11-14,25352.55,25404.8,25223.1,25284.6,109491821.0,34738300000.0
2017-11-15,25241.65,25318.05,25166.35,25218.9,129989778.0,37657000000.0
2017-11-16,25292.9,25496.05,25273.7,25446.6,109711080.0,30787100000.0
2017-11-17,25875.7,25924.9,25679.55,25728.4,151001517.0,43361300000.0
2017-11-20,25733.7,25803.15,25681.7,25768.6,84963946.0,28069800000.0
2017-11-21,25829.3,25871.1,25726.5,25757.5,90303101.0,28012700000.0
2017-11-22,25805.65,25831.95,25665.85,25766.65,102044483.0,30983900000.0
2017-11-23,25826.3,25838.55,25620.95,25736.25,79020195.0,26074500000.0
2017-11-24,25776.6,25849.0,25749.1,25779.65,70107830.0,21989100000.0
2017-11-27,25693.05,25931.85,25673.5,25891.95,74084777.0,23350200000.0
2017-11-28,25830.45,25953.5,25795.5,25846.4,84399131.0,28484500000.0
2017-11-29,25829.65,25877.75,25746.8,25795.7,74982549.0,23284800000.0
2017-11-30,25693.8,25700.85,25246.85,25332.4,141631632.0,46526400000.0
2017-12-01,25409.55,25441.35,25152.65,25191.95,87545844.0,26164000000.0
2017-12-04,25295.05,25297.2,24993.35,25075.1,75646330.0,22456800000.0
2017-12-05,25030.75,25217.7,24921.3,25124.85,85698111.0,25480300000.000004
2017-12-06,25066.3,25077.45,24813.6,24851.8,72791908.0,23052700000.0
2017-12-07,24935.3,25097.4,24875.35,25057.25,60226256.0,18615500000.0
2017-12-08,25145.5,25367.7,25145.5,25321.15,74109991.0,26437000000.0
2017-12-11,25434.75,25448.85,25318.7,25404.85,57217432.0,18312600000.0
2017-12-12,25413.4,25416.2,25108.6,25125.45,81540197.0,25473500000.0
2017-12-13,25118.2,25270.75,24938.55,25000.35,86127346.0,26663000000.0
2017-12-14,25062.4,25205.9,24888.65,25168.2,78224367.0,23343700000.0
2017-12-15,25487.15,25559.05,25411.25,25440.3,117591365.0,48531600000.0
2017-12-18,25181.75,25759.9,24617.15,25594.55,139126828.0,42768900000.0
2017-12-19,25640.9,25757.95,25619.6,25716.2,79480979.0,24255600000.0
2017-12-20,25779.05,25780.05,25566.05,25591.7,119152801.0,33144699999.999996
2017-12-21,25608.25,25629.95,25508.9,25554.3,76744356.0,23859000000.0
2017-12-22,25615.6,25694.5,25560.5,25648.55,83031068.0,23482399999.999996
2017-12-26,25659.75,25712.95,25545.6,25675.25,60209393.0,20512399999.999996
2017-12-27,25652.85,25733.2,25429.55,25496.05,73081341.0,20867100000.0
2017-12-28,25463.6,25561.95,25417.4,25490.0,111429897.0,34478100000.0
2017-12-29,25484.85,25566.4,25450.25,25539.45,65580984.0,22352800000.000004
2018-01-01,25565.75,25588.0,25271.55,25318.1,57576913.0,20375500000.0
2018-01-02,25382.2,25425.5,25232.8,25338.25,72033811.0,22703600000.0
2018-01-03,25425.75,25454.9,25300.9,25318.6,59730356.0,19582100000.0
2018-01-04,25367.65,25490.35,25310.3,25462.6,105995860.0,26466200000.0
2018-01-05,25524.45,25643.35,25499.55,25601.85,123622612.0,31880800000.0
2018-01-08,25690.25,25771.5,25643.8,25676.1,127527935.0,27275300000.000004
2018-01-09,25727.95,25803.8,25617.25,25703.8,101820385.0,26171300000.0
2018-01-10,25709.9,25717.6,25527.5,25617.3,81094270.0,21683200000.0
2018-01-11,25628.2,25694.65,25532.25,25660.9,122695505.0,29609100000.0
2018-01-12,25732.4,25775.15,25557.6,25749.05,110836433.0,29268400000.0
2018-01-15,25858.15,26091.8,25842.95,26069.2,192163936.0,42260800000.0
2018-01-16,26129.15,26136.4,25931.7,25974.9,169867241.0,37706500000.0
2018-01-17,25946.15,26335.85,25922.3,26289.1,172092208.0,45546600000.0
2018-01-18,26762.25,26887.65,26423.75,26537.4,224021671.0,70508600000.0
2018-01-19,26615.65,26957.85,26433.55,26909.5,134390957.0,41602000000.0
2018-01-22,26940.5,27074.9,26841.2,27041.2,113869602.0,42227900000.0
2018-01-23,27089.95,27422.05,27066.15,27390.6,169332288.0,52294500000.0
2018-01-24,27310.15,27479.25,27219.45,27398.55,174331160.0,47341899999.99999
2018-01-25,27414.1,27522.85,27151.75,27445.65,193342305.0,60572000000.0
2018-01-29,27446.1,27652.05,27407.4,27498.45,114099251.0,37792300000.0
2018-01-30,27466.85,27470.25,27242.05,27269.05,111009534.0,34537200000.0
2018-01-31,27136.25,27455.75,27116.95,27379.45,109507598.0,36404100000.0
2018-02-01,27334.85,27613.5,27046.35,27220.7,131188028.0,47905300000.0
2018-02-02,27017.4,27017.55,26364.05,26451.15,147521488.0,43301600000.0
2018-02-05,25968.15,26215.1,25917.55,26098.75,122729724.0,38424600000.0
2018-02-06,25140.1,26140.6,25023.85,25811.3,153713739.0,47773100000.00001
2018-02-07,26065.4,26078.4,25558.05,25670.0,121038215.0,36636100000.0
2018-02-08,25759.85,26126.4,25637.4,25920.65,91011548.0,26861800000.0
2018-02-09,25466.3,25598.3,25371.0,25463.65,75985052.0,25202700000.0
2018-02-12,25530.1,25757.85,25485.4,25701.6,161180184.0,41275100000.0
2018-02-14,25810.25,25810.25,25212.35,25341.25,197286979.0,47570900000.0
2018-02-15,25360.9,25615.15,25295.15,25424.35,291475391.0,60155800000.0
2018-02-16,25511.95,25601.0,25100.9,25163.9,278142760.0,52758700000.0
2018-02-19,25324.6,25326.05,24824.55,25058.55,273464127.0,52172700000.00001
2018-02-20,25105.55,25158.1,24829.0,24874.4,258222746.0,47218900000.0
2018-02-21,24996.6,24999.7,24796.35,24936.7,152405865.0,35276000000.0
2018-02-22,24812.7,24987.05,24781.7,24955.2,167442673.0,48659200000.0
2018-02-23,25002.25,25345.15,24962.85,25302.5,127862871.0,28001000000.0